{"credit":"Made with Blockbench","texture_size":[32,32],"textures":{"3":"outmodedpvp_weapons:mediaeval_weapons/legendary/chrysus_xiphos"},"elements":[{"name":"Chrysus_xiphos-eexport_0","from":[15,11,0],"to":[16,16,1],"faces":{"north":{"uv":[8,0,7.5,2.5],"texture":"#3"},"east":{"uv":[7.5,0,8,2.5],"texture":"#3"},"south":{"uv":[7.5,0,8,2.5],"texture":"#3"},"west":{"uv":[7.5,0,8,2.5],"texture":"#3"},"up":{"uv":[7.5,0,8,0.5],"texture":"#3"},"down":{"uv":[7.5,2,8,2.5],"texture":"#3"}}},{"name":"Chrysus_xiphos-eexport_1","from":[13,11,0],"to":[15,15,1],"faces":{"north":{"uv":[7.5,0.5,6.5,2.5],"texture":"#3"},"east":{"uv":[7,0.5,7.5,2.5],"texture":"#3"},"south":{"uv":[6.5,0.5,7.5,2.5],"texture":"#3"},"west":{"uv":[6.5,0.5,7,2.5],"texture":"#3"},"up":{"uv":[6.5,0.5,7.5,1],"texture":"#3"},"down":{"uv":[6.5,2,7.5,2.5],"texture":"#3"}}},{"name":"Chrysus_xiphos-eexport_2","from":[12,9,0],"to":[13,14,1],"faces":{"north":{"uv":[6.5,1,6,3.5],"texture":"#3"},"east":{"uv":[6,1,6.5,3.5],"texture":"#3"},"south":{"uv":[6,1,6.5,3.5],"texture":"#3"},"west":{"uv":[6,1,6.5,3.5],"texture":"#3"},"up":{"uv":[6,1,6.5,1.5],"texture":"#3"},"down":{"uv":[6,3,6.5,3.5],"texture":"#3"}}},{"name":"Chrysus_xiphos-eexport_3","from":[11,8,0],"to":[12,13,1],"faces":{"north":{"uv":[6,1.5,5.5,4],"texture":"#3"},"east":{"uv":[5.5,1.5,6,4],"texture":"#3"},"south":{"uv":[5.5,1.5,6,4],"texture":"#3"},"west":{"uv":[5.5,1.5,6,4],"texture":"#3"},"up":{"uv":[5.5,1.5,6,2],"texture":"#3"},"down":{"uv":[5.5,3.5,6,4],"texture":"#3"}}},{"name":"Chrysus_xiphos-eexport_4","from":[9,7,0],"to":[11,12,1],"faces":{"north":{"uv":[5.5,2,4.5,4.5],"texture":"#3"},"east":{"uv":[5,2,5.5,4.5],"texture":"#3"},"south":{"uv":[4.5,2,5.5,4.5],"texture":"#3"},"west":{"uv":[4.5,2,5,4.5],"texture":"#3"},"up":{"uv":[4.5,2,5.5,2.5],"texture":"#3"},"down":{"uv":[4.5,4,5.5,4.5],"texture":"#3"}}},{"name":"Chrysus_xiphos-eexport_5","from":[8,6,0],"to":[9,11,1],"faces":{"north":{"uv":[4.5,2.5,4,5],"texture":"#3"},"east":{"uv":[4,2.5,4.5,5],"texture":"#3"},"south":{"uv":[4,2.5,4.5,5],"texture":"#3"},"west":{"uv":[4,2.5,4.5,5],"texture":"#3"},"up":{"uv":[4,2.5,4.5,3],"texture":"#3"},"down":{"uv":[4,4.5,4.5,5],"texture":"#3"}}},{"name":"Chrysus_xiphos-eexport_6","from":[13,10,0],"to":[14,11,1],"faces":{"north":{"uv":[7,2.5,6.5,3],"texture":"#3"},"east":{"uv":[6.5,2.5,7,3],"texture":"#3"},"south":{"uv":[6.5,2.5,7,3],"texture":"#3"},"west":{"uv":[6.5,2.5,7,3],"texture":"#3"},"up":{"uv":[6.5,2.5,7,3],"texture":"#3"},"down":{"uv":[6.5,2.5,7,3],"texture":"#3"}}},{"name":"Chrysus_xiphos-eexport_7","from":[7,4,0],"to":[8,10,1],"faces":{"north":{"uv":[4,3,3.5,6],"texture":"#3"},"east":{"uv":[3.5,3,4,6],"texture":"#3"},"south":{"uv":[3.5,3,4,6],"texture":"#3"},"west":{"uv":[3.5,3,4,6],"texture":"#3"},"up":{"uv":[3.5,3,4,3.5],"texture":"#3"},"down":{"uv":[3.5,5.5,4,6],"texture":"#3"}}},{"name":"Chrysus_xiphos-eexport_8","from":[5,4,0],"to":[7,9,1],"faces":{"north":{"uv":[3.5,3.5,2.5,6],"texture":"#3"},"east":{"uv":[3,3.5,3.5,6],"texture":"#3"},"south":{"uv":[2.5,3.5,3.5,6],"texture":"#3"},"west":{"uv":[2.5,3.5,3,6],"texture":"#3"},"up":{"uv":[2.5,3.5,3.5,4],"texture":"#3"},"down":{"uv":[2.5,5.5,3.5,6],"texture":"#3"}}},{"name":"Chrysus_xiphos-eexport_9","from":[4,3,0],"to":[5,8,1],"faces":{"north":{"uv":[2.5,4,2,6.5],"texture":"#3"},"east":{"uv":[2,4,2.5,6.5],"texture":"#3"},"south":{"uv":[2,4,2.5,6.5],"texture":"#3"},"west":{"uv":[2,4,2.5,6.5],"texture":"#3"},"up":{"uv":[2,4,2.5,4.5],"texture":"#3"},"down":{"uv":[2,6,2.5,6.5],"texture":"#3"}}},{"name":"Chrysus_xiphos-eexport_10","from":[3,6,0],"to":[4,7,1],"faces":{"north":{"uv":[2,4.5,1.5,5],"texture":"#3"},"east":{"uv":[1.5,4.5,2,5],"texture":"#3"},"south":{"uv":[1.5,4.5,2,5],"texture":"#3"},"west":{"uv":[1.5,4.5,2,5],"texture":"#3"},"up":{"uv":[1.5,4.5,2,5],"texture":"#3"},"down":{"uv":[1.5,4.5,2,5],"texture":"#3"}}},{"name":"Chrysus_xiphos-eexport_11","from":[9,6,0],"to":[10,7,1],"faces":{"north":{"uv":[5,4.5,4.5,5],"texture":"#3"},"east":{"uv":[4.5,4.5,5,5],"texture":"#3"},"south":{"uv":[4.5,4.5,5,5],"texture":"#3"},"west":{"uv":[4.5,4.5,5,5],"texture":"#3"},"up":{"uv":[4.5,4.5,5,5],"texture":"#3"},"down":{"uv":[4.5,4.5,5,5],"texture":"#3"}}},{"name":"Chrysus_xiphos-eexport_12","from":[3,2,0],"to":[4,5,1],"faces":{"north":{"uv":[2,5.5,1.5,7],"texture":"#3"},"east":{"uv":[1.5,5.5,2,7],"texture":"#3"},"south":{"uv":[1.5,5.5,2,7],"texture":"#3"},"west":{"uv":[1.5,5.5,2,7],"texture":"#3"},"up":{"uv":[1.5,5.5,2,6],"texture":"#3"},"down":{"uv":[1.5,6.5,2,7],"texture":"#3"}}},{"name":"Chrysus_xiphos-eexport_13","from":[8,4,0],"to":[9,5,1],"faces":{"north":{"uv":[4.5,5.5,4,6],"texture":"#3"},"east":{"uv":[4,5.5,4.5,6],"texture":"#3"},"south":{"uv":[4,5.5,4.5,6],"texture":"#3"},"west":{"uv":[4,5.5,4.5,6],"texture":"#3"},"up":{"uv":[4,5.5,4.5,6],"texture":"#3"},"down":{"uv":[4,5.5,4.5,6],"texture":"#3"}}},{"name":"Chrysus_xiphos-eexport_14","from":[2,1,0],"to":[3,4,1],"faces":{"north":{"uv":[1.5,6,1,7.5],"texture":"#3"},"east":{"uv":[1,6,1.5,7.5],"texture":"#3"},"south":{"uv":[1,6,1.5,7.5],"texture":"#3"},"west":{"uv":[1,6,1.5,7.5],"texture":"#3"},"up":{"uv":[1,6,1.5,6.5],"texture":"#3"},"down":{"uv":[1,7,1.5,7.5],"texture":"#3"}}},{"name":"Chrysus_xiphos-eexport_15","from":[1,0,0],"to":[2,3,1],"faces":{"north":{"uv":[1,6.5,0.5,8],"texture":"#3"},"east":{"uv":[0.5,6.5,1,8],"texture":"#3"},"south":{"uv":[0.5,6.5,1,8],"texture":"#3"},"west":{"uv":[0.5,6.5,1,8],"texture":"#3"},"up":{"uv":[0.5,6.5,1,7],"texture":"#3"},"down":{"uv":[0.5,7.5,1,8],"texture":"#3"}}},{"name":"Chrysus_xiphos-eexport_16","from":[0,0,0],"to":[1,2,1],"faces":{"north":{"uv":[0.5,7,0,8],"texture":"#3"},"east":{"uv":[0,7,0.5,8],"texture":"#3"},"south":{"uv":[0,7,0.5,8],"texture":"#3"},"west":{"uv":[0,7,0.5,8],"texture":"#3"},"up":{"uv":[0,7,0.5,7.5],"texture":"#3"},"down":{"uv":[0,7.5,0.5,8],"texture":"#3"}}},{"name":"Chrysus_xiprosr-eexport_0","from":[28,23,0],"to":[31,26,1],"faces":{"north":{"uv":[15.5,3,14,4.5],"texture":"#3"},"east":{"uv":[15,3,15.5,4.5],"texture":"#3"},"south":{"uv":[14,3,15.5,4.5],"texture":"#3"},"west":{"uv":[14,3,14.5,4.5],"texture":"#3"},"up":{"uv":[14,3,15.5,3.5],"texture":"#3"},"down":{"uv":[14,4,15.5,4.5],"texture":"#3"}}},{"name":"Chrysus_xiprosr-eexport_1","from":[27,21,0],"to":[28,25,1],"faces":{"north":{"uv":[14,3.5,13.5,5.5],"texture":"#3"},"east":{"uv":[13.5,3.5,14,5.5],"texture":"#3"},"south":{"uv":[13.5,3.5,14,5.5],"texture":"#3"},"west":{"uv":[13.5,3.5,14,5.5],"texture":"#3"},"up":{"uv":[13.5,3.5,14,4],"texture":"#3"},"down":{"uv":[13.5,5,14,5.5],"texture":"#3"}}},{"name":"Chrysus_xiprosr-eexport_2","from":[25,20,0],"to":[27,24,1],"faces":{"north":{"uv":[13.5,4,12.5,6],"texture":"#3"},"east":{"uv":[13,4,13.5,6],"texture":"#3"},"south":{"uv":[12.5,4,13.5,6],"texture":"#3"},"west":{"uv":[12.5,4,13,6],"texture":"#3"},"up":{"uv":[12.5,4,13.5,4.5],"texture":"#3"},"down":{"uv":[12.5,5.5,13.5,6],"texture":"#3"}}},{"name":"Chrysus_xiprosr-eexport_3","from":[24,18,0],"to":[25,23,1],"faces":{"north":{"uv":[12.5,4.5,12,7],"texture":"#3"},"east":{"uv":[12,4.5,12.5,7],"texture":"#3"},"south":{"uv":[12,4.5,12.5,7],"texture":"#3"},"west":{"uv":[12,4.5,12.5,7],"texture":"#3"},"up":{"uv":[12,4.5,12.5,5],"texture":"#3"},"down":{"uv":[12,6.5,12.5,7],"texture":"#3"}}},{"name":"Chrysus_xiprosr-eexport_4","from":[28,22,0],"to":[30,23,1],"faces":{"north":{"uv":[15,4.5,14,5],"texture":"#3"},"east":{"uv":[14.5,4.5,15,5],"texture":"#3"},"south":{"uv":[14,4.5,15,5],"texture":"#3"},"west":{"uv":[14,4.5,14.5,5],"texture":"#3"},"up":{"uv":[14,4.5,15,5],"texture":"#3"},"down":{"uv":[14,4.5,15,5],"texture":"#3"}}},{"name":"Chrysus_xiprosr-eexport_5","from":[23,18,0],"to":[24,22,1],"faces":{"north":{"uv":[12,5,11.5,7],"texture":"#3"},"east":{"uv":[11.5,5,12,7],"texture":"#3"},"south":{"uv":[11.5,5,12,7],"texture":"#3"},"west":{"uv":[11.5,5,12,7],"texture":"#3"},"up":{"uv":[11.5,5,12,5.5],"texture":"#3"},"down":{"uv":[11.5,6.5,12,7],"texture":"#3"}}},{"name":"Chrysus_xiprosr-eexport_6","from":[28,21,0],"to":[29,22,1],"faces":{"north":{"uv":[14.5,5,14,5.5],"texture":"#3"},"east":{"uv":[14,5,14.5,5.5],"texture":"#3"},"south":{"uv":[14,5,14.5,5.5],"texture":"#3"},"west":{"uv":[14,5,14.5,5.5],"texture":"#3"},"up":{"uv":[14,5,14.5,5.5],"texture":"#3"},"down":{"uv":[14,5,14.5,5.5],"texture":"#3"}}},{"name":"Chrysus_xiprosr-eexport_7","from":[21,17,0],"to":[23,21,1],"faces":{"north":{"uv":[11.5,5.5,10.5,7.5],"texture":"#3"},"east":{"uv":[11,5.5,11.5,7.5],"texture":"#3"},"south":{"uv":[10.5,5.5,11.5,7.5],"texture":"#3"},"west":{"uv":[10.5,5.5,11,7.5],"texture":"#3"},"up":{"uv":[10.5,5.5,11.5,6],"texture":"#3"},"down":{"uv":[10.5,7,11.5,7.5],"texture":"#3"}}},{"name":"Chrysus_xiprosr-eexport_8","from":[20,16,0],"to":[21,20,1],"faces":{"north":{"uv":[10.5,6,10,8],"texture":"#3"},"east":{"uv":[10,6,10.5,8],"texture":"#3"},"south":{"uv":[10,6,10.5,8],"texture":"#3"},"west":{"uv":[10,6,10.5,8],"texture":"#3"},"up":{"uv":[10,6,10.5,6.5],"texture":"#3"},"down":{"uv":[10,7.5,10.5,8],"texture":"#3"}}},{"name":"Chrysus_xiprosr-eexport_9","from":[25,19,0],"to":[26,20,1],"faces":{"north":{"uv":[13,6,12.5,6.5],"texture":"#3"},"east":{"uv":[12.5,6,13,6.5],"texture":"#3"},"south":{"uv":[12.5,6,13,6.5],"texture":"#3"},"west":{"uv":[12.5,6,13,6.5],"texture":"#3"},"up":{"uv":[12.5,6,13,6.5],"texture":"#3"},"down":{"uv":[12.5,6,13,6.5],"texture":"#3"}}},{"name":"Chrysus_xiprosr-eexport_10","from":[19,16,0],"to":[20,19,1],"faces":{"north":{"uv":[10,6.5,9.5,8],"texture":"#3"},"east":{"uv":[9.5,6.5,10,8],"texture":"#3"},"south":{"uv":[9.5,6.5,10,8],"texture":"#3"},"west":{"uv":[9.5,6.5,10,8],"texture":"#3"},"up":{"uv":[9.5,6.5,10,7],"texture":"#3"},"down":{"uv":[9.5,7.5,10,8],"texture":"#3"}}},{"name":"Chrysus_xiprosr-eexport_11","from":[17,16,0],"to":[19,18,1],"faces":{"north":{"uv":[9.5,7,8.5,8],"texture":"#3"},"east":{"uv":[9,7,9.5,8],"texture":"#3"},"south":{"uv":[8.5,7,9.5,8],"texture":"#3"},"west":{"uv":[8.5,7,9,8],"texture":"#3"},"up":{"uv":[8.5,7,9.5,7.5],"texture":"#3"},"down":{"uv":[8.5,7.5,9.5,8],"texture":"#3"}}},{"name":"Chrysus_xiprosr-eexport_12","from":[16,16,0],"to":[17,17,1],"faces":{"north":{"uv":[8.5,7.5,8,8],"texture":"#3"},"east":{"uv":[8,7.5,8.5,8],"texture":"#3"},"south":{"uv":[8,7.5,8.5,8],"texture":"#3"},"west":{"uv":[8,7.5,8.5,8],"texture":"#3"},"up":{"uv":[8,7.5,8.5,8],"texture":"#3"},"down":{"uv":[8,7.5,8.5,8],"texture":"#3"}}},{"name":"Chrysus_xiprosr-eexport_13","from":[21,16,0],"to":[22,17,1],"faces":{"north":{"uv":[11,7.5,10.5,8],"texture":"#3"},"east":{"uv":[10.5,7.5,11,8],"texture":"#3"},"south":{"uv":[10.5,7.5,11,8],"texture":"#3"},"west":{"uv":[10.5,7.5,11,8],"texture":"#3"},"up":{"uv":[10.5,7.5,11,8],"texture":"#3"},"down":{"uv":[10.5,7.5,11,8],"texture":"#3"}}},{"name":"Chrysus_xiphosr-eexport_0","from":[16,14,0],"to":[19,16,1],"faces":{"north":{"uv":[1.5,8,0,9],"texture":"#3"},"east":{"uv":[1,8,1.5,9],"texture":"#3"},"south":{"uv":[0,8,1.5,9],"texture":"#3"},"west":{"uv":[0,8,0.5,9],"texture":"#3"},"up":{"uv":[0,8,1.5,8.5],"texture":"#3"},"down":{"uv":[0,8.5,1.5,9],"texture":"#3"}}},{"name":"Chrysus_xiphosr-eexport_1","from":[19,15,0],"to":[21,16,1],"faces":{"north":{"uv":[2.5,8,1.5,8.5],"texture":"#3"},"east":{"uv":[2,8,2.5,8.5],"texture":"#3"},"south":{"uv":[1.5,8,2.5,8.5],"texture":"#3"},"west":{"uv":[1.5,8,2,8.5],"texture":"#3"},"up":{"uv":[1.5,8,2.5,8.5],"texture":"#3"},"down":{"uv":[1.5,8,2.5,8.5],"texture":"#3"}}},{"name":"Chrysus_xiphosr-eexport_2","from":[16,13,0],"to":[18,14,1],"faces":{"north":{"uv":[1,9,0,9.5],"texture":"#3"},"east":{"uv":[0.5,9,1,9.5],"texture":"#3"},"south":{"uv":[0,9,1,9.5],"texture":"#3"},"west":{"uv":[0,9,0.5,9.5],"texture":"#3"},"up":{"uv":[0,9,1,9.5],"texture":"#3"},"down":{"uv":[0,9,1,9.5],"texture":"#3"}}},{"name":"Chrysus_xiphosr-eexport_3","from":[16,12,0],"to":[17,13,1],"faces":{"north":{"uv":[0.5,9.5,0,10],"texture":"#3"},"east":{"uv":[0,9.5,0.5,10],"texture":"#3"},"south":{"uv":[0,9.5,0.5,10],"texture":"#3"},"west":{"uv":[0,9.5,0.5,10],"texture":"#3"},"up":{"uv":[0,9.5,0.5,10],"texture":"#3"},"down":{"uv":[0,9.5,0.5,10],"texture":"#3"}}}],"gui_light":"front","display":{"thirdperson_righthand":{"rotation":[0,-90,50],"translation":[-7.5,2.75,2.5]},"thirdperson_lefthand":{"rotation":[0,90,-50],"translation":[7.5,2.75,2.5]},"firstperson_righthand":{"rotation":[0,-90,79],"translation":[-7.5,2.75,2.5]},"firstperson_lefthand":{"rotation":[0,90,-79],"translation":[6.5,-0.25,2.5]},"ground":{"translation":[0,4.5,7]},"gui":{"translation":[-4,-4,0],"scale":[0.5,0.5,1]}}}