{"credit":"Made with Blockbench","texture_size":[32,32],"textures":{"4":"outmodedpvp_weapons:mediaeval_weapons/legendary/m_v1"},"elements":[{"name":"M-V1-e1expo1rt_0","from":[16,15,0],"to":[18,16,1],"faces":{"north":{"uv":[1,0,0,0.5],"texture":"#4"},"east":{"uv":[0.5,0,1,0.5],"texture":"#4"},"south":{"uv":[0,0,1,0.5],"texture":"#4"},"west":{"uv":[0,0,0.5,0.5],"texture":"#4"},"up":{"uv":[0,0,1,0.5],"texture":"#4"},"down":{"uv":[0,0,1,0.5],"texture":"#4"}}},{"name":"M-V1-e1expo1rt_1","from":[16,14,0],"to":[17,15,1],"faces":{"north":{"uv":[0.5,0.5,0,1],"texture":"#4"},"east":{"uv":[0,0.5,0.5,1],"texture":"#4"},"south":{"uv":[0,0.5,0.5,1],"texture":"#4"},"west":{"uv":[0,0.5,0.5,1],"texture":"#4"},"up":{"uv":[0,0.5,0.5,1],"texture":"#4"},"down":{"uv":[0,0.5,0.5,1],"texture":"#4"}}},{"name":"M-V1-eexpo1rt_0","from":[21,21,0],"to":[24,23,1],"faces":{"north":{"uv":[12,4.5,10.5,5.5],"texture":"#4"},"east":{"uv":[11.5,4.5,12,5.5],"texture":"#4"},"south":{"uv":[10.5,4.5,12,5.5],"texture":"#4"},"west":{"uv":[10.5,4.5,11,5.5],"texture":"#4"},"up":{"uv":[10.5,4.5,12,5],"texture":"#4"},"down":{"uv":[10.5,5,12,5.5],"texture":"#4"}}},{"name":"M-V1-eexpo1rt_1","from":[24,22,0],"to":[25,23,1],"faces":{"north":{"uv":[12.5,4.5,12,5],"texture":"#4"},"east":{"uv":[12,4.5,12.5,5],"texture":"#4"},"south":{"uv":[12,4.5,12.5,5],"texture":"#4"},"west":{"uv":[12,4.5,12.5,5],"texture":"#4"},"up":{"uv":[12,4.5,12.5,5],"texture":"#4"},"down":{"uv":[12,4.5,12.5,5],"texture":"#4"}}},{"name":"M-V1-eexpo1rt_2","from":[19,18,0],"to":[21,22,1],"faces":{"north":{"uv":[10.5,5,9.5,7],"texture":"#4"},"east":{"uv":[10,5,10.5,7],"texture":"#4"},"south":{"uv":[9.5,5,10.5,7],"texture":"#4"},"west":{"uv":[9.5,5,10,7],"texture":"#4"},"up":{"uv":[9.5,5,10.5,5.5],"texture":"#4"},"down":{"uv":[9.5,6.5,10.5,7],"texture":"#4"}}},{"name":"M-V1-eexpo1rt_3","from":[18,16,0],"to":[19,21,1],"faces":{"north":{"uv":[9.5,5.5,9,8],"texture":"#4"},"east":{"uv":[9,5.5,9.5,8],"texture":"#4"},"south":{"uv":[9,5.5,9.5,8],"texture":"#4"},"west":{"uv":[9,5.5,9.5,8],"texture":"#4"},"up":{"uv":[9,5.5,9.5,6],"texture":"#4"},"down":{"uv":[9,7.5,9.5,8],"texture":"#4"}}},{"name":"M-V1-eexpo1rt_4","from":[21,20,0],"to":[23,21,1],"faces":{"north":{"uv":[11.5,5.5,10.5,6],"texture":"#4"},"east":{"uv":[11,5.5,11.5,6],"texture":"#4"},"south":{"uv":[10.5,5.5,11.5,6],"texture":"#4"},"west":{"uv":[10.5,5.5,11,6],"texture":"#4"},"up":{"uv":[10.5,5.5,11.5,6],"texture":"#4"},"down":{"uv":[10.5,5.5,11.5,6],"texture":"#4"}}},{"name":"M-V1-eexpo1rt_5","from":[17,16,0],"to":[18,20,1],"faces":{"north":{"uv":[9,6,8.5,8],"texture":"#4"},"east":{"uv":[8.5,6,9,8],"texture":"#4"},"south":{"uv":[8.5,6,9,8],"texture":"#4"},"west":{"uv":[8.5,6,9,8],"texture":"#4"},"up":{"uv":[8.5,6,9,6.5],"texture":"#4"},"down":{"uv":[8.5,7.5,9,8],"texture":"#4"}}},{"name":"M-V1-eexpo1rt_6","from":[21,19,0],"to":[22,20,1],"faces":{"north":{"uv":[11,6,10.5,6.5],"texture":"#4"},"east":{"uv":[10.5,6,11,6.5],"texture":"#4"},"south":{"uv":[10.5,6,11,6.5],"texture":"#4"},"west":{"uv":[10.5,6,11,6.5],"texture":"#4"},"up":{"uv":[10.5,6,11,6.5],"texture":"#4"},"down":{"uv":[10.5,6,11,6.5],"texture":"#4"}}},{"name":"M-V1-eexpo1rt_7","from":[16,16,0],"to":[17,19,1],"faces":{"north":{"uv":[8.5,6.5,8,8],"texture":"#4"},"east":{"uv":[8,6.5,8.5,8],"texture":"#4"},"south":{"uv":[8,6.5,8.5,8],"texture":"#4"},"west":{"uv":[8,6.5,8.5,8],"texture":"#4"},"up":{"uv":[8,6.5,8.5,7],"texture":"#4"},"down":{"uv":[8,7.5,8.5,8],"texture":"#4"}}},{"name":"M-V1-eexpo1rt_8","from":[19,17,0],"to":[20,18,1],"faces":{"north":{"uv":[10,7,9.5,7.5],"texture":"#4"},"east":{"uv":[9.5,7,10,7.5],"texture":"#4"},"south":{"uv":[9.5,7,10,7.5],"texture":"#4"},"west":{"uv":[9.5,7,10,7.5],"texture":"#4"},"up":{"uv":[9.5,7,10,7.5],"texture":"#4"},"down":{"uv":[9.5,7,10,7.5],"texture":"#4"}}},{"name":"M-V1-expo1rt_0","from":[15,16,0],"to":[16,18,1],"faces":{"north":{"uv":[8,15,7.5,16],"texture":"#4"},"east":{"uv":[7.5,15,8,16],"texture":"#4"},"south":{"uv":[7.5,15,8,16],"texture":"#4"},"west":{"uv":[7.5,15,8,16],"texture":"#4"},"up":{"uv":[7.5,15,8,15.5],"texture":"#4"},"down":{"uv":[7.5,15.5,8,16],"texture":"#4"}}},{"name":"M-V1-expo1rt_1","from":[14,16,0],"to":[15,17,1],"faces":{"north":{"uv":[7.5,15.5,7,16],"texture":"#4"},"east":{"uv":[7,15.5,7.5,16],"texture":"#4"},"south":{"uv":[7,15.5,7.5,16],"texture":"#4"},"west":{"uv":[7,15.5,7.5,16],"texture":"#4"},"up":{"uv":[7,15.5,7.5,16],"texture":"#4"},"down":{"uv":[7,15.5,7.5,16],"texture":"#4"}}},{"name":"M-V1-export_0","from":[13,13,0],"to":[16,16,1],"faces":{"north":{"uv":[16,8,14.5,9.5],"texture":"#4"},"east":{"uv":[15.5,8,16,9.5],"texture":"#4"},"south":{"uv":[14.5,8,16,9.5],"texture":"#4"},"west":{"uv":[14.5,8,15,9.5],"texture":"#4"},"up":{"uv":[14.5,8,16,8.5],"texture":"#4"},"down":{"uv":[14.5,9,16,9.5],"texture":"#4"}}},{"name":"M-V1-export_1","from":[12,10,0],"to":[13,15,1],"faces":{"north":{"uv":[14.5,8.5,14,11],"texture":"#4"},"east":{"uv":[14,8.5,14.5,11],"texture":"#4"},"south":{"uv":[14,8.5,14.5,11],"texture":"#4"},"west":{"uv":[14,8.5,14.5,11],"texture":"#4"},"up":{"uv":[14,8.5,14.5,9],"texture":"#4"},"down":{"uv":[14,10.5,14.5,11],"texture":"#4"}}},{"name":"M-V1-export_2","from":[11,9,0],"to":[12,14,1],"faces":{"north":{"uv":[14,9,13.5,11.5],"texture":"#4"},"east":{"uv":[13.5,9,14,11.5],"texture":"#4"},"south":{"uv":[13.5,9,14,11.5],"texture":"#4"},"west":{"uv":[13.5,9,14,11.5],"texture":"#4"},"up":{"uv":[13.5,9,14,9.5],"texture":"#4"},"down":{"uv":[13.5,11,14,11.5],"texture":"#4"}}},{"name":"M-V1-export_3","from":[10,8,0],"to":[11,13,1],"faces":{"north":{"uv":[13.5,9.5,13,12],"texture":"#4"},"east":{"uv":[13,9.5,13.5,12],"texture":"#4"},"south":{"uv":[13,9.5,13.5,12],"texture":"#4"},"west":{"uv":[13,9.5,13.5,12],"texture":"#4"},"up":{"uv":[13,9.5,13.5,10],"texture":"#4"},"down":{"uv":[13,11.5,13.5,12],"texture":"#4"}}},{"name":"M-V1-export_4","from":[13,12,0],"to":[15,13,1],"faces":{"north":{"uv":[15.5,9.5,14.5,10],"texture":"#4"},"east":{"uv":[15,9.5,15.5,10],"texture":"#4"},"south":{"uv":[14.5,9.5,15.5,10],"texture":"#4"},"west":{"uv":[14.5,9.5,15,10],"texture":"#4"},"up":{"uv":[14.5,9.5,15.5,10],"texture":"#4"},"down":{"uv":[14.5,9.5,15.5,10],"texture":"#4"}}},{"name":"M-V1-export_5","from":[9,7,0],"to":[10,12,1],"faces":{"north":{"uv":[13,10,12.5,12.5],"texture":"#4"},"east":{"uv":[12.5,10,13,12.5],"texture":"#4"},"south":{"uv":[12.5,10,13,12.5],"texture":"#4"},"west":{"uv":[12.5,10,13,12.5],"texture":"#4"},"up":{"uv":[12.5,10,13,10.5],"texture":"#4"},"down":{"uv":[12.5,12,13,12.5],"texture":"#4"}}},{"name":"M-V1-export_6","from":[13,11,0],"to":[14,12,1],"faces":{"north":{"uv":[15,10,14.5,10.5],"texture":"#4"},"east":{"uv":[14.5,10,15,10.5],"texture":"#4"},"south":{"uv":[14.5,10,15,10.5],"texture":"#4"},"west":{"uv":[14.5,10,15,10.5],"texture":"#4"},"up":{"uv":[14.5,10,15,10.5],"texture":"#4"},"down":{"uv":[14.5,10,15,10.5],"texture":"#4"}}},{"name":"M-V1-export_7","from":[8,6,0],"to":[9,11,1],"faces":{"north":{"uv":[12.5,10.5,12,13],"texture":"#4"},"east":{"uv":[12,10.5,12.5,13],"texture":"#4"},"south":{"uv":[12,10.5,12.5,13],"texture":"#4"},"west":{"uv":[12,10.5,12.5,13],"texture":"#4"},"up":{"uv":[12,10.5,12.5,11],"texture":"#4"},"down":{"uv":[12,12.5,12.5,13],"texture":"#4"}}},{"name":"M-V1-export_8","from":[7,5,0],"to":[8,10,1],"faces":{"north":{"uv":[12,11,11.5,13.5],"texture":"#4"},"east":{"uv":[11.5,11,12,13.5],"texture":"#4"},"south":{"uv":[11.5,11,12,13.5],"texture":"#4"},"west":{"uv":[11.5,11,12,13.5],"texture":"#4"},"up":{"uv":[11.5,11,12,11.5],"texture":"#4"},"down":{"uv":[11.5,13,12,13.5],"texture":"#4"}}},{"name":"M-V1-export_9","from":[6,3,0],"to":[7,9,1],"faces":{"north":{"uv":[11.5,11.5,11,14.5],"texture":"#4"},"east":{"uv":[11,11.5,11.5,14.5],"texture":"#4"},"south":{"uv":[11,11.5,11.5,14.5],"texture":"#4"},"west":{"uv":[11,11.5,11.5,14.5],"texture":"#4"},"up":{"uv":[11,11.5,11.5,12],"texture":"#4"},"down":{"uv":[11,14,11.5,14.5],"texture":"#4"}}},{"name":"M-V1-export_10","from":[5,3,0],"to":[6,8,1],"faces":{"north":{"uv":[11,12,10.5,14.5],"texture":"#4"},"east":{"uv":[10.5,12,11,14.5],"texture":"#4"},"south":{"uv":[10.5,12,11,14.5],"texture":"#4"},"west":{"uv":[10.5,12,11,14.5],"texture":"#4"},"up":{"uv":[10.5,12,11,12.5],"texture":"#4"},"down":{"uv":[10.5,14,11,14.5],"texture":"#4"}}},{"name":"M-V1-export_11","from":[4,3,0],"to":[5,7,1],"faces":{"north":{"uv":[10.5,12.5,10,14.5],"texture":"#4"},"east":{"uv":[10,12.5,10.5,14.5],"texture":"#4"},"south":{"uv":[10,12.5,10.5,14.5],"texture":"#4"},"west":{"uv":[10,12.5,10.5,14.5],"texture":"#4"},"up":{"uv":[10,12.5,10.5,13],"texture":"#4"},"down":{"uv":[10,14,10.5,14.5],"texture":"#4"}}},{"name":"M-V1-export_12","from":[1,5,0],"to":[4,6,1],"faces":{"north":{"uv":[10,13,8.5,13.5],"texture":"#4"},"east":{"uv":[9.5,13,10,13.5],"texture":"#4"},"south":{"uv":[8.5,13,10,13.5],"texture":"#4"},"west":{"uv":[8.5,13,9,13.5],"texture":"#4"},"up":{"uv":[8.5,13,10,13.5],"texture":"#4"},"down":{"uv":[8.5,13,10,13.5],"texture":"#4"}}},{"name":"M-V1-export_13","from":[3,2,0],"to":[4,5,1],"faces":{"north":{"uv":[10,13.5,9.5,15],"texture":"#4"},"east":{"uv":[9.5,13.5,10,15],"texture":"#4"},"south":{"uv":[9.5,13.5,10,15],"texture":"#4"},"west":{"uv":[9.5,13.5,10,15],"texture":"#4"},"up":{"uv":[9.5,13.5,10,14],"texture":"#4"},"down":{"uv":[9.5,14.5,10,15],"texture":"#4"}}},{"name":"M-V1-export_14","from":[2,1,0],"to":[3,4,1],"faces":{"north":{"uv":[9.5,14,9,15.5],"texture":"#4"},"east":{"uv":[9,14,9.5,15.5],"texture":"#4"},"south":{"uv":[9,14,9.5,15.5],"texture":"#4"},"west":{"uv":[9,14,9.5,15.5],"texture":"#4"},"up":{"uv":[9,14,9.5,14.5],"texture":"#4"},"down":{"uv":[9,15,9.5,15.5],"texture":"#4"}}},{"name":"M-V1-export_15","from":[7,3,0],"to":[8,4,1],"faces":{"north":{"uv":[12,14,11.5,14.5],"texture":"#4"},"east":{"uv":[11.5,14,12,14.5],"texture":"#4"},"south":{"uv":[11.5,14,12,14.5],"texture":"#4"},"west":{"uv":[11.5,14,12,14.5],"texture":"#4"},"up":{"uv":[11.5,14,12,14.5],"texture":"#4"},"down":{"uv":[11.5,14,12,14.5],"texture":"#4"}}},{"name":"M-V1-export_16","from":[1,0,0],"to":[2,3,1],"faces":{"north":{"uv":[9,14.5,8.5,16],"texture":"#4"},"east":{"uv":[8.5,14.5,9,16],"texture":"#4"},"south":{"uv":[8.5,14.5,9,16],"texture":"#4"},"west":{"uv":[8.5,14.5,9,16],"texture":"#4"},"up":{"uv":[8.5,14.5,9,15],"texture":"#4"},"down":{"uv":[8.5,15.5,9,16],"texture":"#4"}}},{"name":"M-V1-export_17","from":[0,0,0],"to":[1,2,1],"faces":{"north":{"uv":[8.5,15,8,16],"texture":"#4"},"east":{"uv":[8,15,8.5,16],"texture":"#4"},"south":{"uv":[8,15,8.5,16],"texture":"#4"},"west":{"uv":[8,15,8.5,16],"texture":"#4"},"up":{"uv":[8,15,8.5,15.5],"texture":"#4"},"down":{"uv":[8,15.5,8.5,16],"texture":"#4"}}}],"gui_light":"front","display":{"thirdperson_righthand":{"rotation":[0,-90,44],"translation":[-7.5,6,2.25]},"thirdperson_lefthand":{"rotation":[0,90,-44],"translation":[7.5,6,2.25]},"firstperson_righthand":{"rotation":[-19,-90,9],"translation":[-6.5,0.5,-2.5]},"firstperson_lefthand":{"rotation":[-19,90,-35],"translation":[6.5,-0.25,-2.5]},"ground":{"translation":[0,4.75,7]},"gui":{"translation":[-3,-2.75,0],"scale":[0.65,0.65,1]}}}