{"credit":"Made with Blockbench","texture_size":[32,32],"textures":{"0":"outmodedpvp_weapons:mediaeval_weapons/legendary/whispering_scythe"},"elements":[{"name":"whispering_scythe-export_0","from":[15,13,0],"to":[16,16,1],"faces":{"north":{"uv":[2.5,3,3,4.5],"texture":"#0"},"east":{"uv":[1,4.5,1.5,6],"texture":"#0"},"south":{"uv":[5,0.5,5.5,2],"texture":"#0"},"west":{"uv":[8.5,4.5,9,6],"texture":"#0"},"up":{"uv":[3.5,4,3,3.5],"texture":"#0"},"down":{"uv":[2,5,1.5,5.5],"texture":"#0"}}},{"name":"whispering_scythe-export_1","from":[13,12,0],"to":[15,15,1],"faces":{"north":{"uv":[0.5,3,1.5,4.5],"texture":"#0"},"east":{"uv":[5.5,8.5,6,10],"texture":"#0"},"south":{"uv":[1.5,3,2.5,4.5],"texture":"#0"},"west":{"uv":[8.5,6,9,7.5],"texture":"#0"},"up":{"uv":[4,3.5,3,3],"texture":"#0"},"down":{"uv":[2.5,4.5,1.5,5],"texture":"#0"}}},{"name":"whispering_scythe-export_2","from":[12,11,0],"to":[13,14,1],"faces":{"north":{"uv":[8.5,7.5,9,9],"texture":"#0"},"east":{"uv":[8,8.5,8.5,10],"texture":"#0"},"south":{"uv":[9,0.5,9.5,2],"texture":"#0"},"west":{"uv":[2,9,2.5,10.5],"texture":"#0"},"up":{"uv":[6.5,1,6,0.5],"texture":"#0"},"down":{"uv":[10.5,11,10,11.5],"texture":"#0"}}},{"name":"whispering_scythe-export_3","from":[11,10,0],"to":[12,13,1],"faces":{"north":{"uv":[9,2,9.5,3.5],"texture":"#0"},"east":{"uv":[3.5,9,4,10.5],"texture":"#0"},"south":{"uv":[9,3.5,9.5,5],"texture":"#0"},"west":{"uv":[5,9,5.5,10.5],"texture":"#0"},"up":{"uv":[5,12,4.5,11.5],"texture":"#0"},"down":{"uv":[12,4.5,11.5,5],"texture":"#0"}}},{"name":"whispering_scythe-export_4","from":[10,9,0],"to":[11,12,1],"faces":{"north":{"uv":[9,5,9.5,6.5],"texture":"#0"},"east":{"uv":[9,6.5,9.5,8],"texture":"#0"},"south":{"uv":[7.5,9,8,10.5],"texture":"#0"},"west":{"uv":[9,8,9.5,9.5],"texture":"#0"},"up":{"uv":[12,5.5,11.5,5],"texture":"#0"},"down":{"uv":[6,11.5,5.5,12],"texture":"#0"}}},{"name":"whispering_scythe-export_5","from":[9,8,0],"to":[10,11,1],"faces":{"north":{"uv":[8.5,9,9,10.5],"texture":"#0"},"east":{"uv":[9.5,0.5,10,2],"texture":"#0"},"south":{"uv":[1.5,9.5,2,11],"texture":"#0"},"west":{"uv":[9.5,2,10,3.5],"texture":"#0"},"up":{"uv":[12,6,11.5,5.5],"texture":"#0"},"down":{"uv":[6.5,11.5,6,12],"texture":"#0"}}},{"name":"whispering_scythe-export_6","from":[8,7,0],"to":[9,10,1],"faces":{"north":{"uv":[9.5,3.5,10,5],"texture":"#0"},"east":{"uv":[9.5,5,10,6.5],"texture":"#0"},"south":{"uv":[6.5,9.5,7,11],"texture":"#0"},"west":{"uv":[9.5,6.5,10,8],"texture":"#0"},"up":{"uv":[12,6.5,11.5,6],"texture":"#0"},"down":{"uv":[12,6.5,11.5,7],"texture":"#0"}}},{"name":"whispering_scythe-export_7","from":[7,6,0],"to":[8,9,1],"faces":{"north":{"uv":[7,9.5,7.5,11],"texture":"#0"},"east":{"uv":[9.5,8,10,9.5],"texture":"#0"},"south":{"uv":[9,9.5,9.5,11],"texture":"#0"},"west":{"uv":[9.5,9.5,10,11],"texture":"#0"},"up":{"uv":[12,7.5,11.5,7],"texture":"#0"},"down":{"uv":[12,7.5,11.5,8],"texture":"#0"}}},{"name":"whispering_scythe-export_8","from":[6,5,0],"to":[7,8,1],"faces":{"north":{"uv":[0.5,10,1,11.5],"texture":"#0"},"east":{"uv":[10,0.5,10.5,2],"texture":"#0"},"south":{"uv":[1,10,1.5,11.5],"texture":"#0"},"west":{"uv":[10,2,10.5,3.5],"texture":"#0"},"up":{"uv":[8.5,12,8,11.5],"texture":"#0"},"down":{"uv":[12,8,11.5,8.5],"texture":"#0"}}},{"name":"whispering_scythe-export_9","from":[5,4,0],"to":[6,7,1],"faces":{"north":{"uv":[10,3.5,10.5,5],"texture":"#0"},"east":{"uv":[4.5,10,5,11.5],"texture":"#0"},"south":{"uv":[10,5,10.5,6.5],"texture":"#0"},"west":{"uv":[5.5,10,6,11.5],"texture":"#0"},"up":{"uv":[12,9,11.5,8.5],"texture":"#0"},"down":{"uv":[12,9,11.5,9.5],"texture":"#0"}}},{"name":"whispering_scythe-export_10","from":[4,3,0],"to":[5,6,1],"faces":{"north":{"uv":[6,10,6.5,11.5],"texture":"#0"},"east":{"uv":[10,6.5,10.5,8],"texture":"#0"},"south":{"uv":[8,10,8.5,11.5],"texture":"#0"},"west":{"uv":[10,8,10.5,9.5],"texture":"#0"},"up":{"uv":[10.5,12,10,11.5],"texture":"#0"},"down":{"uv":[11.5,11.5,11,12],"texture":"#0"}}},{"name":"whispering_scythe-export_11","from":[3,2,0],"to":[4,5,1],"faces":{"north":{"uv":[10,9.5,10.5,11],"texture":"#0"},"east":{"uv":[0,10.5,0.5,12],"texture":"#0"},"south":{"uv":[10.5,0,11,1.5],"texture":"#0"},"west":{"uv":[10.5,1.5,11,3],"texture":"#0"},"up":{"uv":[12,12,11.5,11.5],"texture":"#0"},"down":{"uv":[0.5,12,0,12.5],"texture":"#0"}}},{"name":"whispering_scythe-export_12","from":[2,1,0],"to":[3,4,1],"faces":{"north":{"uv":[2,10.5,2.5,12],"texture":"#0"},"east":{"uv":[2.5,10.5,3,12],"texture":"#0"},"south":{"uv":[3,10.5,3.5,12],"texture":"#0"},"west":{"uv":[10.5,3,11,4.5],"texture":"#0"},"up":{"uv":[1,12.5,0.5,12],"texture":"#0"},"down":{"uv":[1.5,12,1,12.5],"texture":"#0"}}},{"name":"whispering_scythe-export_13","from":[1,0,0],"to":[2,3,1],"faces":{"north":{"uv":[3.5,10.5,4,12],"texture":"#0"},"east":{"uv":[4,10.5,4.5,12],"texture":"#0"},"south":{"uv":[10.5,4.5,11,6],"texture":"#0"},"west":{"uv":[5,10.5,5.5,12],"texture":"#0"},"up":{"uv":[2.5,12.5,2,12],"texture":"#0"},"down":{"uv":[3,12,2.5,12.5],"texture":"#0"}}},{"name":"whispering_scythe-export_2","from":[-2,-3,0],"to":[-1,0,1],"faces":{"north":{"uv":[8.5,7.5,9,9],"texture":"#0"},"east":{"uv":[8,8.5,8.5,10],"texture":"#0"},"south":{"uv":[9,0.5,9.5,2],"texture":"#0"},"west":{"uv":[2,9,2.5,10.5],"texture":"#0"},"up":{"uv":[6.5,1,6,0.5],"texture":"#0"},"down":{"uv":[10.5,11,10,11.5],"texture":"#0"}}},{"name":"whispering_scythe-export_2","from":[-1,-2,0],"to":[0,1,1],"faces":{"north":{"uv":[8.5,7.5,9,9],"texture":"#0"},"east":{"uv":[8,8.5,8.5,10],"texture":"#0"},"south":{"uv":[9,0.5,9.5,2],"texture":"#0"},"west":{"uv":[2,9,2.5,10.5],"texture":"#0"},"up":{"uv":[6.5,1,6,0.5],"texture":"#0"},"down":{"uv":[10.5,11,10,11.5],"texture":"#0"}}},{"name":"whispering_scythe-export_3","from":[-3,-4,0],"to":[-2,-1,1],"faces":{"north":{"uv":[9,2,9.5,3.5],"texture":"#0"},"east":{"uv":[3.5,9,4,10.5],"texture":"#0"},"south":{"uv":[9,3.5,9.5,5],"texture":"#0"},"west":{"uv":[5,9,5.5,10.5],"texture":"#0"},"up":{"uv":[5,12,4.5,11.5],"texture":"#0"},"down":{"uv":[12,4.5,11.5,5],"texture":"#0"}}},{"name":"whispering_scythe-export_4","from":[-4,-5,0],"to":[-3,-2,1],"faces":{"north":{"uv":[9,5,9.5,6.5],"texture":"#0"},"east":{"uv":[9,6.5,9.5,8],"texture":"#0"},"south":{"uv":[7.5,9,8,10.5],"texture":"#0"},"west":{"uv":[9,8,9.5,9.5],"texture":"#0"},"up":{"uv":[12,5.5,11.5,5],"texture":"#0"},"down":{"uv":[6,11.5,5.5,12],"texture":"#0"}}},{"name":"whispering_scythe-export_5","from":[-5,-6,0],"to":[-4,-3,1],"faces":{"north":{"uv":[8.5,9,9,10.5],"texture":"#0"},"east":{"uv":[9.5,0.5,10,2],"texture":"#0"},"south":{"uv":[1.5,9.5,2,11],"texture":"#0"},"west":{"uv":[9.5,2,10,3.5],"texture":"#0"},"up":{"uv":[12,6,11.5,5.5],"texture":"#0"},"down":{"uv":[6.5,11.5,6,12],"texture":"#0"}}},{"name":"whispering_scythe-export_6","from":[-6,-7,0],"to":[-5,-4,1],"faces":{"north":{"uv":[9.5,3.5,10,5],"texture":"#0"},"east":{"uv":[9.5,5,10,6.5],"texture":"#0"},"south":{"uv":[6.5,9.5,7,11],"texture":"#0"},"west":{"uv":[9.5,6.5,10,8],"texture":"#0"},"up":{"uv":[12,6.5,11.5,6],"texture":"#0"},"down":{"uv":[12,6.5,11.5,7],"texture":"#0"}}},{"name":"whispering_scythe-export_10","from":[-7,-8,0],"to":[-6,-5,1],"faces":{"north":{"uv":[6,10,6.5,11.5],"texture":"#0"},"east":{"uv":[10,6.5,10.5,8],"texture":"#0"},"south":{"uv":[8,10,8.5,11.5],"texture":"#0"},"west":{"uv":[10,8,10.5,9.5],"texture":"#0"},"up":{"uv":[10.5,12,10,11.5],"texture":"#0"},"down":{"uv":[11.5,11.5,11,12],"texture":"#0"}}},{"name":"whispering_scythe-export_11","from":[-8,-9,0],"to":[-7,-6,1],"faces":{"north":{"uv":[10,9.5,10.5,11],"texture":"#0"},"east":{"uv":[0,10.5,0.5,12],"texture":"#0"},"south":{"uv":[10.5,0,11,1.5],"texture":"#0"},"west":{"uv":[10.5,1.5,11,3],"texture":"#0"},"up":{"uv":[12,12,11.5,11.5],"texture":"#0"},"down":{"uv":[0.5,12,0,12.5],"texture":"#0"}}},{"name":"whispering_scythe-export_12","from":[-9,-10,0],"to":[-8,-7,1],"faces":{"north":{"uv":[2,10.5,2.5,12],"texture":"#0"},"east":{"uv":[2.5,10.5,3,12],"texture":"#0"},"south":{"uv":[3,10.5,3.5,12],"texture":"#0"},"west":{"uv":[10.5,3,11,4.5],"texture":"#0"},"up":{"uv":[1,12.5,0.5,12],"texture":"#0"},"down":{"uv":[1.5,12,1,12.5],"texture":"#0"}}},{"name":"whispering_scythe-export_13","from":[-10,-11,0],"to":[-9,-8,1],"faces":{"north":{"uv":[3.5,10.5,4,12],"texture":"#0"},"east":{"uv":[4,10.5,4.5,12],"texture":"#0"},"south":{"uv":[10.5,4.5,11,6],"texture":"#0"},"west":{"uv":[5,10.5,5.5,12],"texture":"#0"},"up":{"uv":[2.5,12.5,2,12],"texture":"#0"},"down":{"uv":[3,12,2.5,12.5],"texture":"#0"}}},{"name":"whispering_scythe-export_14","from":[-11,-11,0],"to":[-10,-9,1],"faces":{"north":{"uv":[5.5,0.5,6,1.5],"texture":"#0"},"east":{"uv":[11,2.5,11.5,3.5],"texture":"#0"},"south":{"uv":[11,3.5,11.5,4.5],"texture":"#0"},"west":{"uv":[11,4.5,11.5,5.5],"texture":"#0"},"up":{"uv":[3.5,12.5,3,12],"texture":"#0"},"down":{"uv":[4,12,3.5,12.5],"texture":"#0"}}},{"name":"whispering_scythe-export_2","from":[0,-1,0],"to":[1,2,1],"faces":{"north":{"uv":[8.5,7.5,9,9],"texture":"#0"},"east":{"uv":[8,8.5,8.5,10],"texture":"#0"},"south":{"uv":[9,0.5,9.5,2],"texture":"#0"},"west":{"uv":[2,9,2.5,10.5],"texture":"#0"},"up":{"uv":[6.5,1,6,0.5],"texture":"#0"},"down":{"uv":[10.5,11,10,11.5],"texture":"#0"}}},{"name":"whispering_scythe-e1xpor1t_0","from":[16,22,0],"to":[17,27,1],"faces":{"north":{"uv":[4.5,0,5,2.5],"texture":"#0"},"east":{"uv":[2.5,6,3,8.5],"texture":"#0"},"south":{"uv":[6,2.5,6.5,5],"texture":"#0"},"west":{"uv":[6,5,6.5,7.5],"texture":"#0"},"up":{"uv":[4.5,12.5,4,12],"texture":"#0"},"down":{"uv":[5,12,4.5,12.5],"texture":"#0"}}},{"name":"whispering_scythe-e1xpor1t_1","from":[17,21,0],"to":[18,26,1],"faces":{"north":{"uv":[5.5,6,6,8.5],"texture":"#0"},"east":{"uv":[2,6.5,2.5,9],"texture":"#0"},"south":{"uv":[6.5,2,7,4.5],"texture":"#0"},"west":{"uv":[6.5,4.5,7,7],"texture":"#0"},"up":{"uv":[12.5,5,12,4.5],"texture":"#0"},"down":{"uv":[5.5,12,5,12.5],"texture":"#0"}}},{"name":"whispering_scythe-e1xpor1t_2","from":[18,20,0],"to":[19,25,1],"faces":{"north":{"uv":[5,6.5,5.5,9],"texture":"#0"},"east":{"uv":[1.5,7,2,9.5],"texture":"#0"},"south":{"uv":[7,2,7.5,4.5],"texture":"#0"},"west":{"uv":[7,4.5,7.5,7],"texture":"#0"},"up":{"uv":[12.5,5.5,12,5],"texture":"#0"},"down":{"uv":[6,12,5.5,12.5],"texture":"#0"}}},{"name":"whispering_scythe-e1xpor1t_3","from":[19,16,0],"to":[20,24,1],"faces":{"north":{"uv":[0,3,0.5,7],"texture":"#0"},"east":{"uv":[4,4.5,4.5,8.5],"texture":"#0"},"south":{"uv":[4.5,4,5,8],"texture":"#0"},"west":{"uv":[3.5,5,4,9],"texture":"#0"},"up":{"uv":[12.5,6,12,5.5],"texture":"#0"},"down":{"uv":[6.5,12,6,12.5],"texture":"#0"}}},{"name":"whispering_scythe-e1xpor1t_4","from":[20,17,0],"to":[21,23,1],"faces":{"north":{"uv":[4,0,4.5,3],"texture":"#0"},"east":{"uv":[5,3.5,5.5,6.5],"texture":"#0"},"south":{"uv":[3,5.5,3.5,8.5],"texture":"#0"},"west":{"uv":[5.5,3,6,6],"texture":"#0"},"up":{"uv":[12.5,6.5,12,6],"texture":"#0"},"down":{"uv":[7,12,6.5,12.5],"texture":"#0"}}},{"name":"whispering_scythe-e1xpor1t_5","from":[21,17,0],"to":[22,22,1],"faces":{"north":{"uv":[6.5,7,7,9.5],"texture":"#0"},"east":{"uv":[7,7,7.5,9.5],"texture":"#0"},"south":{"uv":[1,7.5,1.5,10],"texture":"#0"},"west":{"uv":[7.5,1.5,8,4],"texture":"#0"},"up":{"uv":[12.5,7,12,6.5],"texture":"#0"},"down":{"uv":[7.5,12,7,12.5],"texture":"#0"}}},{"name":"whispering_scythe-e1xpor1t_6","from":[22,16,0],"to":[23,21,1],"faces":{"north":{"uv":[7.5,4,8,6.5],"texture":"#0"},"east":{"uv":[6,7.5,6.5,10],"texture":"#0"},"south":{"uv":[7.5,6.5,8,9],"texture":"#0"},"west":{"uv":[0,8,0.5,10.5],"texture":"#0"},"up":{"uv":[12.5,7.5,12,7],"texture":"#0"},"down":{"uv":[8,12,7.5,12.5],"texture":"#0"}}},{"name":"whispering_scythe-e1xpor1t_7","from":[23,16,0],"to":[24,20,1],"faces":{"north":{"uv":[0.5,4.5,1,6.5],"texture":"#0"},"east":{"uv":[0.5,8,1,10],"texture":"#0"},"south":{"uv":[8,0.5,8.5,2.5],"texture":"#0"},"west":{"uv":[8,2.5,8.5,4.5],"texture":"#0"},"up":{"uv":[12.5,8,12,7.5],"texture":"#0"},"down":{"uv":[8.5,12,8,12.5],"texture":"#0"}}},{"name":"whispering_scythe-e1xpor1t_8","from":[24,15,0],"to":[25,19,1],"faces":{"north":{"uv":[4.5,8,5,10],"texture":"#0"},"east":{"uv":[8,4.5,8.5,6.5],"texture":"#0"},"south":{"uv":[8,6.5,8.5,8.5],"texture":"#0"},"west":{"uv":[8.5,0.5,9,2.5],"texture":"#0"},"up":{"uv":[12.5,8.5,12,8],"texture":"#0"},"down":{"uv":[9,12,8.5,12.5],"texture":"#0"}}},{"name":"whispering_scythe-e1xpor1t_9","from":[18,15,0],"to":[19,18,1],"faces":{"north":{"uv":[10.5,6,11,7.5],"texture":"#0"},"east":{"uv":[7.5,10.5,8,12],"texture":"#0"},"south":{"uv":[10.5,7.5,11,9],"texture":"#0"},"west":{"uv":[8.5,10.5,9,12],"texture":"#0"},"up":{"uv":[12.5,9,12,8.5],"texture":"#0"},"down":{"uv":[9.5,12,9,12.5],"texture":"#0"}}},{"name":"whispering_scythe-e1xpor1t_10","from":[17,15,0],"to":[18,17,1],"faces":{"north":{"uv":[11,5.5,11.5,6.5],"texture":"#0"},"east":{"uv":[6.5,11,7,12],"texture":"#0"},"south":{"uv":[11,6.5,11.5,7.5],"texture":"#0"},"west":{"uv":[7,11,7.5,12],"texture":"#0"},"up":{"uv":[12.5,9.5,12,9],"texture":"#0"},"down":{"uv":[10,12,9.5,12.5],"texture":"#0"}}},{"name":"whispering_scythe-e1xpor1t_11","from":[25,15,0],"to":[26,17,1],"faces":{"north":{"uv":[11,7.5,11.5,8.5],"texture":"#0"},"east":{"uv":[11,8.5,11.5,9.5],"texture":"#0"},"south":{"uv":[9,11,9.5,12],"texture":"#0"},"west":{"uv":[9.5,11,10,12],"texture":"#0"},"up":{"uv":[12.5,10,12,9.5],"texture":"#0"},"down":{"uv":[10.5,12,10,12.5],"texture":"#0"}}},{"name":"whispering_scythe-e1xpor1t_12","from":[16,15,0],"to":[17,16,1],"faces":{"north":{"uv":[12,10,12.5,10.5],"texture":"#0"},"east":{"uv":[10.5,12,11,12.5],"texture":"#0"},"south":{"uv":[12,10.5,12.5,11],"texture":"#0"},"west":{"uv":[11,12,11.5,12.5],"texture":"#0"},"up":{"uv":[12.5,11.5,12,11],"texture":"#0"},"down":{"uv":[12,12,11.5,12.5],"texture":"#0"}}},{"name":"whispering_scythe-e1xpeor1t_0","from":[16,14,0],"to":[18,15,1],"faces":{"north":{"uv":[11,9.5,12,10],"texture":"#0"},"east":{"uv":[12,11.5,12.5,12],"texture":"#0"},"south":{"uv":[11,10,12,10.5],"texture":"#0"},"west":{"uv":[12,12,12.5,12.5],"texture":"#0"},"up":{"uv":[12,11,11,10.5],"texture":"#0"},"down":{"uv":[12,11,11,11.5],"texture":"#0"}}},{"name":"whispering_scythe-e1xpeor1t_1","from":[16,13,0],"to":[17,14,1],"faces":{"north":{"uv":[0,12.5,0.5,13],"texture":"#0"},"east":{"uv":[12.5,0,13,0.5],"texture":"#0"},"south":{"uv":[0.5,12.5,1,13],"texture":"#0"},"west":{"uv":[12.5,0.5,13,1],"texture":"#0"},"up":{"uv":[1.5,13,1,12.5],"texture":"#0"},"down":{"uv":[13,1,12.5,1.5],"texture":"#0"}}},{"name":"whispering_scythe-e1xport_0","from":[10,25,0],"to":[15,28,1],"faces":{"north":{"uv":[0,0,2.5,1.5],"texture":"#0"},"east":{"uv":[10.5,9,11,10.5],"texture":"#0"},"south":{"uv":[0,1.5,2.5,3],"texture":"#0"},"west":{"uv":[10.5,10.5,11,12],"texture":"#0"},"up":{"uv":[7.5,0.5,5,0],"texture":"#0"},"down":{"uv":[10.5,0,8,0.5],"texture":"#0"}}},{"name":"whispering_scythe-e1xport_1","from":[7,24,0],"to":[10,27,1],"faces":{"north":{"uv":[2.5,0,4,1.5],"texture":"#0"},"east":{"uv":[11,0,11.5,1.5],"texture":"#0"},"south":{"uv":[2.5,1.5,4,3],"texture":"#0"},"west":{"uv":[1.5,11,2,12.5],"texture":"#0"},"up":{"uv":[12.5,2,11,1.5],"texture":"#0"},"down":{"uv":[12.5,2,11,2.5],"texture":"#0"}}},{"name":"whispering_scythe-e1xport_2","from":[15,23,0],"to":[16,27,1],"faces":{"north":{"uv":[2.5,8.5,3,10.5],"texture":"#0"},"east":{"uv":[8.5,2.5,9,4.5],"texture":"#0"},"south":{"uv":[3,8.5,3.5,10.5],"texture":"#0"},"west":{"uv":[4,8.5,4.5,10.5],"texture":"#0"},"up":{"uv":[2,13,1.5,12.5],"texture":"#0"},"down":{"uv":[13,1.5,12.5,2],"texture":"#0"}}},{"name":"whispering_scythe-e1xport_3","from":[6,25,0],"to":[7,26,1],"faces":{"north":{"uv":[2,12.5,2.5,13],"texture":"#0"},"east":{"uv":[12.5,2,13,2.5],"texture":"#0"},"south":{"uv":[2.5,12.5,3,13],"texture":"#0"},"west":{"uv":[12.5,2.5,13,3],"texture":"#0"},"up":{"uv":[3.5,13,3,12.5],"texture":"#0"},"down":{"uv":[13,3,12.5,3.5],"texture":"#0"}}},{"name":"whispering_scythe-e1xport_4","from":[10,24,0],"to":[12,25,1],"faces":{"north":{"uv":[11.5,0,12.5,0.5],"texture":"#0"},"east":{"uv":[3.5,12.5,4,13],"texture":"#0"},"south":{"uv":[0.5,11.5,1.5,12],"texture":"#0"},"west":{"uv":[12.5,3.5,13,4],"texture":"#0"},"up":{"uv":[12.5,1,11.5,0.5],"texture":"#0"},"down":{"uv":[12.5,1,11.5,1.5],"texture":"#0"}}},{"name":"whispering_scythe-e1xport_5","from":[13,24,0],"to":[15,25,1],"faces":{"north":{"uv":[11.5,2.5,12.5,3],"texture":"#0"},"east":{"uv":[4,12.5,4.5,13],"texture":"#0"},"south":{"uv":[11.5,3,12.5,3.5],"texture":"#0"},"west":{"uv":[12.5,4,13,4.5],"texture":"#0"},"up":{"uv":[12.5,4,11.5,3.5],"texture":"#0"},"down":{"uv":[12.5,4,11.5,4.5],"texture":"#0"}}}],"gui_light":"front","display":{"thirdperson_righthand":{"rotation":[0,-90,50],"translation":[-7.5,2.75,2.5]},"thirdperson_lefthand":{"rotation":[0,90,-50],"translation":[7.5,2.75,2.5]},"firstperson_righthand":{"rotation":[0,-90,35],"translation":[-6.5,-0.25,-2.5]},"firstperson_lefthand":{"rotation":[0,90,-35],"translation":[6.5,-0.25,-2.5]},"ground":{"translation":[0,4,7]},"gui":{"translation":[-0.25,-0.5,1],"scale":[0.32,0.32,1]},"fixed":{"translation":[-0.5,-1.25,7],"scale":[0.56,0.56,0.82]}}}