{
	"credit": "Made with Blockbench",
	"textures": {
		"0": "cosmetics:hat/cat_ears",
		"particle": "cosmetics:hat/cat_ears"
	},
	"elements": [
		{
			"from": [3.75, 0, 7],
			"to": [6.75, 4, 8],
			"rotation": {"angle": -22.5, "axis": "y", "origin": [3.25, 2, 7.5]},
			"faces": {
				"north": {"uv": [0, 4, 3, 8], "texture": "#0"},
				"east": {"uv": [7, 0, 8, 4], "texture": "#0"},
				"south": {"uv": [3, 4, 6, 8], "texture": "#0"},
				"west": {"uv": [7, 4, 8, 8], "texture": "#0"},
				"up": {"uv": [11, 2, 8, 1], "texture": "#0"},
				"down": {"uv": [11, 2, 8, 3], "texture": "#0"}
			}
		},
		{
			"from": [4.75, 0, 7],
			"to": [6.75, 3, 7],
			"rotation": {"angle": -22.5, "axis": "y", "origin": [3.25, 2, 7.5]},
			"faces": {
				"north": {"uv": [10, 5, 12, 8], "texture": "#0", "tintindex": 0},
				"east": {"uv": [7, 0, 8, 4], "texture": "#0"},
				"south": {"uv": [3, 4, 6, 8], "texture": "#0"},
				"west": {"uv": [7, 4, 8, 8], "texture": "#0"},
				"up": {"uv": [11, 2, 8, 1], "texture": "#0"},
				"down": {"uv": [11, 2, 8, 3], "texture": "#0"}
			}
		},
		{
			"from": [9.25, 0, 7],
			"to": [12.25, 4, 8],
			"rotation": {"angle": 22.5, "axis": "y", "origin": [12.75, 2, 7.5]},
			"faces": {
				"north": {"uv": [0, 0, 3, 4], "texture": "#0"},
				"east": {"uv": [6, 0, 7, 4], "texture": "#0"},
				"south": {"uv": [3, 0, 6, 4], "texture": "#0"},
				"west": {"uv": [6, 4, 7, 8], "texture": "#0"},
				"up": {"uv": [3, 9, 0, 8], "texture": "#0"},
				"down": {"uv": [11, 0, 8, 1], "texture": "#0"}
			}
		},
		{
			"from": [9.25, 0, 7],
			"to": [11.25, 3, 7],
			"rotation": {"angle": 22.5, "axis": "y", "origin": [12.75, 2, 7.5]},
			"faces": {
				"north": {"uv": [8, 5, 10, 8], "texture": "#0", "tintindex": 0},
				"east": {"uv": [6, 0, 7, 4], "texture": "#0"},
				"south": {"uv": [3, 0, 6, 4], "texture": "#0"},
				"west": {"uv": [6, 4, 7, 8], "texture": "#0"},
				"up": {"uv": [3, 9, 0, 8], "texture": "#0"},
				"down": {"uv": [11, 0, 8, 1], "texture": "#0"}
			}
		}
	],
	"gui_light": "front",
	"display": {
		"gui": {
			"rotation": [0, 180, 0]
		},
		"head": {
			"translation": [0, 15.5, -1.75],
			"scale": [1.43, 1.16, 1.43]
		}
	}
}