{
	"credit": "Made with Blockbench",
	"texture_size": [32, 32],
	"textures": {
		"0": "cosmetics:hat/crown",
		"particle": "cosmetics:hat/crown"
	},
	"elements": [
		{
			"from": [1.5, 2, 14.5],
			"to": [14.5, 7, 14.5],
			"faces": {
				"north": {"uv": [6.5, 0, 13, 3.5], "texture": "#0"},
				"east": {"uv": [0, 0, 0, 3.5], "texture": "#0"},
				"south": {"uv": [6.5, 3.5, 13, 7], "texture": "#0"},
				"west": {"uv": [0, 0, 0, 3.5], "texture": "#0"},
				"up": {"uv": [6.5, 0, 0, 0], "texture": "#0"},
				"down": {"uv": [6.5, 0, 0, 0], "texture": "#0"}
			}
		},
		{
			"from": [1.5, 2, 1.5],
			"to": [14.5, 7, 1.5],
			"faces": {
				"north": {"uv": [0, 0, 6.5, 3.5], "texture": "#0"},
				"east": {"uv": [0, 0, 0, 3.5], "texture": "#0"},
				"south": {"uv": [0, 3.5, 6.5, 7], "texture": "#0"},
				"west": {"uv": [0, 0, 0, 3.5], "texture": "#0"},
				"up": {"uv": [6.5, 0, 0, 0], "texture": "#0"},
				"down": {"uv": [6.5, 0, 0, 0], "texture": "#0"}
			}
		},
		{
			"from": [1.5, 2, 1.5],
			"to": [1.5, 7, 14.5],
			"faces": {
				"north": {"uv": [0, 0, 0, 3.5], "texture": "#0"},
				"east": {"uv": [0, 10.5, 6.5, 14], "texture": "#0"},
				"south": {"uv": [0, 0, 0, 3.5], "texture": "#0"},
				"west": {"uv": [6.5, 10.5, 13, 14], "texture": "#0"},
				"up": {"uv": [0, 6.5, 0, 0], "texture": "#0"},
				"down": {"uv": [0, 0, 0, 6.5], "texture": "#0"}
			}
		},
		{
			"from": [14.5, 2, 1.5],
			"to": [14.5, 7, 14.5],
			"faces": {
				"north": {"uv": [0, 0, 0, 3.5], "texture": "#0"},
				"east": {"uv": [0, 7, 6.5, 10.5], "texture": "#0"},
				"south": {"uv": [0, 0, 0, 3.5], "texture": "#0"},
				"west": {"uv": [6.5, 7, 13, 10.5], "texture": "#0"},
				"up": {"uv": [0, 6.5, 0, 0], "texture": "#0"},
				"down": {"uv": [0, 0, 0, 6.5], "texture": "#0"}
			}
		}
	],
	"gui_light": "front",
	"display": {
		"gui": {
			"rotation": [21, 19, 0],
			"translation": [0, 2, 0],
			"scale": [0.93, 0.93, 0.93]
		},
		"head": {
			"translation": [0, 10.5, 0],
			"scale": [1.09, 1.13, 1.09]
		}
	}
}