{
	"credit": "Made with Blockbench",
	"textures": {
		"0": "cosmetics:hat/horns",
		"particle": "cosmetics:hat/horns"
	},
	"elements": [
		{
			"from": [1.75, 0, 6],
			"to": [3.75, 4, 8],
			"rotation": {"angle": 0, "axis": "y", "origin": [2.5, 0, 0]},
			"faces": {
				"north": {"uv": [10, 0, 12, 4], "texture": "#0"},
				"east": {"uv": [2, 10, 4, 14], "texture": "#0"},
				"south": {"uv": [4, 10, 6, 14], "texture": "#0"},
				"west": {"uv": [10, 4, 12, 8], "texture": "#0"},
				"up": {"uv": [8, 14, 6, 12], "texture": "#0"},
				"down": {"uv": [14, 6, 12, 8], "texture": "#0"}
			}
		},
		{
			"from": [2.5, 4, 6],
			"to": [4.5, 9, 8],
			"rotation": {"angle": -22.5, "axis": "z", "origin": [3.5, 6, 7]},
			"faces": {
				"north": {"uv": [2, 5, 4, 10], "texture": "#0"},
				"east": {"uv": [4, 5, 6, 10], "texture": "#0"},
				"south": {"uv": [6, 0, 8, 5], "texture": "#0"},
				"west": {"uv": [6, 5, 8, 10], "texture": "#0"},
				"up": {"uv": [14, 4, 12, 2], "texture": "#0"},
				"down": {"uv": [14, 4, 12, 6], "texture": "#0"}
			}
		},
		{
			"from": [11.5, 4, 6],
			"to": [13.5, 9, 8],
			"rotation": {"angle": 22.5, "axis": "z", "origin": [12.5, 6, 7]},
			"faces": {
				"north": {"uv": [0, 0, 2, 5], "texture": "#0"},
				"east": {"uv": [2, 0, 4, 5], "texture": "#0"},
				"south": {"uv": [4, 0, 6, 5], "texture": "#0"},
				"west": {"uv": [0, 5, 2, 10], "texture": "#0"},
				"up": {"uv": [12, 12, 10, 10], "texture": "#0"},
				"down": {"uv": [14, 0, 12, 2], "texture": "#0"}
			}
		},
		{
			"from": [12.25, 0, 6],
			"to": [14.25, 4, 8],
			"rotation": {"angle": 0, "axis": "y", "origin": [-2.5, 0, 0]},
			"faces": {
				"north": {"uv": [8, 0, 10, 4], "texture": "#0"},
				"east": {"uv": [8, 4, 10, 8], "texture": "#0"},
				"south": {"uv": [8, 8, 10, 12], "texture": "#0"},
				"west": {"uv": [0, 10, 2, 14], "texture": "#0"},
				"up": {"uv": [8, 12, 6, 10], "texture": "#0"},
				"down": {"uv": [12, 8, 10, 10], "texture": "#0"}
			}
		}
	],
	"gui_light": "front",
	"display": {
		"gui": {
			"rotation": [0, 142, 0]
		},
		"head": {
			"rotation": [-26, 0, 0],
			"translation": [0, 13, -7.5]
		}
	}
}