{
	"credit": "Made with Blockbench",
	"texture_size": [32, 32],
	"textures": {
		"0": "cosmetics:hat/ninja_headband",
		"particle": "cosmetics:hat/ninja_headband"
	},
	"elements": [
		{
			"from": [1, 0, 1],
			"to": [15, 3, 1],
			"faces": {
				"north": {"uv": [7, 1.5, 14, 3], "texture": "#0", "tintindex": 0},
				"east": {"uv": [0, 0, 0, 1.5], "texture": "#0"},
				"south": {"uv": [7, 3.5, 14, 5], "texture": "#0", "tintindex": 0},
				"west": {"uv": [0, 0, 0, 1.5], "texture": "#0", "tintindex": 0},
				"up": {"uv": [7, 0, 0, 0], "texture": "#0"},
				"down": {"uv": [7, 0, 0, 0], "texture": "#0"}
			}
		},
		{
			"from": [1, 0, 1],
			"to": [1, 3, 15],
			"faces": {
				"north": {"uv": [0, 0, 0, 1.5], "texture": "#0"},
				"east": {"uv": [7, 3.5, 14, 5], "texture": "#0", "tintindex": 0},
				"south": {"uv": [0, 0, 0, 1.5], "texture": "#0"},
				"west": {"uv": [7, 1.5, 14, 3], "texture": "#0", "tintindex": 0},
				"up": {"uv": [0, 7, 0, 0], "texture": "#0"},
				"down": {"uv": [0, 0, 0, 7], "texture": "#0"}
			}
		},
		{
			"from": [15, 0, 1],
			"to": [15, 3, 15],
			"faces": {
				"north": {"uv": [0, 0, 0, 1.5], "texture": "#0"},
				"east": {"uv": [7, 1.5, 14, 3], "texture": "#0", "tintindex": 0},
				"south": {"uv": [0, 0, 0, 1.5], "texture": "#0"},
				"west": {"uv": [7, 3.5, 14, 5], "texture": "#0", "tintindex": 0},
				"up": {"uv": [0, 7, 0, 0], "texture": "#0"},
				"down": {"uv": [0, 0, 0, 7], "texture": "#0"}
			}
		},
		{
			"from": [1, 0, 15],
			"to": [15, 3, 15],
			"faces": {
				"north": {"uv": [7, 1.5, 14, 3], "texture": "#0", "tintindex": 0},
				"east": {"uv": [0, 0, 0, 1.5], "texture": "#0"},
				"south": {"uv": [7, 3.5, 14, 5], "texture": "#0", "tintindex": 0},
				"west": {"uv": [0, 0, 0, 1.5], "texture": "#0", "tintindex": 0},
				"up": {"uv": [7, 0, 0, 0], "texture": "#0"},
				"down": {"uv": [7, 0, 0, 0], "texture": "#0"}
			}
		}
	],
	"gui_light": "front",
	"display": {
		"gui": {
			"rotation": [30, -69, 0],
			"translation": [0, 4.75, 0],
			"scale": [0.86, 0.86, 0.86]
		},
		"head": {
			"translation": [0, 11.75, 0],
			"scale": [1.02, 1.18, 1.02]
		}
	}
}