{
	"credit": "Made with Blockbench",
	"textures": {
		"1": "cosmetics:hat/party_glasses"
	},
	"elements": [
		{
			"from": [0.5, -1, 0],
			"to": [15.5, 4, 0],
			"faces": {
				"north": {"uv": [0, 0, 15, 5], "texture": "#1", "tintindex": 0},
				"east": {"uv": [0, 0, 0, 5], "texture": "#1"},
				"south": {"uv": [0, 0, 15, 5], "texture": "#1", "tintindex": 0},
				"west": {"uv": [0, 6, 0, 11], "texture": "#1", "tintindex": 0},
				"up": {"uv": [15, 0, 0, 0], "texture": "#missing"},
				"down": {"uv": [15, 0, 0, 0], "texture": "#missing"}
			}
		},
		{
			"from": [0.5, 0, 0],
			"to": [0.5, 4, 11],
			"rotation": {"angle": 0, "axis": "y", "origin": [16, 1, 0.5]},
			"faces": {
				"north": {"uv": [0, 0, 0, 4], "texture": "#1"},
				"east": {"uv": [11, 6, 0, 10], "texture": "#1", "tintindex": 0},
				"south": {"uv": [0, 0, 0, 4], "texture": "#1", "tintindex": 0},
				"west": {"uv": [0, 6, 11, 10], "texture": "#1", "tintindex": 0},
				"up": {"uv": [0, 0, 11, 0], "rotation": 90, "texture": "#missing"},
				"down": {"uv": [0, 0, 11, 0], "rotation": 270, "texture": "#missing"}
			}
		},
		{
			"from": [15.5, 0, 0],
			"to": [15.5, 4, 11],
			"rotation": {"angle": 0, "axis": "y", "origin": [16, 1, 0.5]},
			"faces": {
				"north": {"uv": [0, 0, 0, 4], "texture": "#1"},
				"east": {"uv": [0, 10, 11, 14], "texture": "#1", "tintindex": 0},
				"south": {"uv": [0, 0, 0, 4], "texture": "#1", "tintindex": 0},
				"west": {"uv": [11, 10, 0, 14], "texture": "#1", "tintindex": 0},
				"up": {"uv": [0, 0, 11, 0], "rotation": 90, "texture": "#missing"},
				"down": {"uv": [0, 0, 11, 0], "rotation": 270, "texture": "#missing"}
			}
		}
	],
	"gui_light": "front",
	"display": {
		"gui": {
			"rotation": [-8, 44, 0],
			"translation": [1.5, 3, 0],
			"scale": [0.87, 0.87, 0.87]
		},
		"head": {
			"translation": [0, 6, 0.75]
		}
	}
}