{
	"credit": "Made with Blockbench",
	"texture_size": [32, 32],
	"textures": {
		"0": "cosmetics:hat/punk_hair",
		"particle": "cosmetics:hat/punk_hair"
	},
	"elements": [
		{
			"from": [7.25, 0, -2],
			"to": [8.75, 12, 0],
			"rotation": {"angle": -45, "axis": "x", "origin": [8, 6, 1]},
			"faces": {
				"north": {"uv": [5, 6, 6, 12], "texture": "#0", "tintindex": 0},
				"east": {"uv": [6, 6, 7, 12], "texture": "#0", "tintindex": 0},
				"south": {"uv": [0, 7, 1, 13], "texture": "#0", "tintindex": 0},
				"west": {"uv": [7, 0, 8, 6], "texture": "#0", "tintindex": 0},
				"up": {"uv": [11, 3, 10, 2], "texture": "#0", "tintindex": 0},
				"down": {"uv": [11, 3, 10, 4], "texture": "#0", "tintindex": 0}
			}
		},
		{
			"from": [7.25, 0, 7],
			"to": [8.75, 14, 9],
			"faces": {
				"north": {"uv": [0, 0, 1, 7], "texture": "#0", "tintindex": 0},
				"east": {"uv": [1, 0, 2, 7], "texture": "#0", "tintindex": 0},
				"south": {"uv": [2, 0, 3, 7], "texture": "#0", "tintindex": 0},
				"west": {"uv": [3, 0, 4, 7], "texture": "#0", "tintindex": 0},
				"up": {"uv": [11, 5, 10, 4], "texture": "#0", "tintindex": 0},
				"down": {"uv": [11, 5, 10, 6], "texture": "#0", "tintindex": 0}
			}
		},
		{
			"from": [7.25, 0, 3],
			"to": [8.75, 12, 5],
			"rotation": {"angle": -22.5, "axis": "x", "origin": [8, 6, 5]},
			"faces": {
				"north": {"uv": [1, 7, 2, 13], "texture": "#0", "tintindex": 0},
				"east": {"uv": [2, 7, 3, 13], "texture": "#0", "tintindex": 0},
				"south": {"uv": [3, 7, 4, 13], "texture": "#0", "tintindex": 0},
				"west": {"uv": [7, 6, 8, 12], "texture": "#0", "tintindex": 0},
				"up": {"uv": [11, 7, 10, 6], "texture": "#0", "tintindex": 0},
				"down": {"uv": [11, 7, 10, 8], "texture": "#0", "tintindex": 0}
			}
		},
		{
			"from": [7.25, 0, 11],
			"to": [8.75, 12, 13],
			"rotation": {"angle": 22.5, "axis": "x", "origin": [8, 6, 11]},
			"faces": {
				"north": {"uv": [8, 0, 9, 6], "texture": "#0", "tintindex": 0},
				"east": {"uv": [8, 6, 9, 12], "texture": "#0", "tintindex": 0},
				"south": {"uv": [9, 0, 10, 6], "texture": "#0", "tintindex": 0},
				"west": {"uv": [9, 6, 10, 12], "texture": "#0", "tintindex": 0},
				"up": {"uv": [11, 9, 10, 8], "texture": "#0", "tintindex": 0},
				"down": {"uv": [11, 9, 10, 10], "texture": "#0", "tintindex": 0}
			}
		},
		{
			"from": [7.25, 0, 16],
			"to": [8.75, 12, 18],
			"rotation": {"angle": 45, "axis": "x", "origin": [8, 6, 15]},
			"faces": {
				"north": {"uv": [4, 0, 5, 6], "texture": "#0", "tintindex": 0},
				"east": {"uv": [5, 0, 6, 6], "texture": "#0", "tintindex": 0},
				"south": {"uv": [6, 0, 7, 6], "texture": "#0", "tintindex": 0},
				"west": {"uv": [4, 6, 5, 12], "texture": "#0", "tintindex": 0},
				"up": {"uv": [11, 1, 10, 0], "texture": "#0", "tintindex": 0},
				"down": {"uv": [11, 1, 10, 2], "texture": "#0", "tintindex": 0}
			}
		}
	],
	"display": {
		"gui": {
			"rotation": [0, -42, 1],
			"translation": [0, -0.25, 0],
			"scale": [0.95, 0.86, 0.86]
		},
		"head": {
			"translation": [0, 12, 0]
		}
	}
}