{
	"credit": "Made with Blockbench",
	"texture_size": [64, 64],
	"textures": {
		"0": "cosmetics:hat/sombrero",
		"particle": "cosmetics:hat/sombrero"
	},
	"elements": [
		{
			"from": [-5, 0, -5],
			"to": [21, 0, 21],
			"faces": {
				"north": {"uv": [0, 0, 6.5, 0], "texture": "#0"},
				"east": {"uv": [0, 0, 6.5, 0], "texture": "#0"},
				"south": {"uv": [0, 0, 6.5, 0], "texture": "#0"},
				"west": {"uv": [0, 0, 6.5, 0], "texture": "#0"},
				"up": {"uv": [6.5, 6.5, 0, 0], "texture": "#0"},
				"down": {"uv": [6.5, 0, 0, 6.5], "texture": "#0"}
			}
		},
		{
			"from": [2, 0.1, 2],
			"to": [14, 6.1, 14],
			"faces": {
				"north": {"uv": [6.5, 6, 9.5, 7.75], "texture": "#0"},
				"east": {"uv": [6.5, 7.75, 9.5, 9.5], "texture": "#0"},
				"south": {"uv": [9.5, 0, 12.5, 1.75], "texture": "#0"},
				"west": {"uv": [9.5, 1.75, 12.5, 3.5], "texture": "#0"},
				"up": {"uv": [9.5, 3, 6.5, 0], "texture": "#0"},
				"down": {"uv": [9.5, 3, 6.5, 6], "texture": "#0"}
			}
		},
		{
			"from": [-5, 0, -5],
			"to": [-5, 4, 21],
			"faces": {
				"north": {"uv": [0, 0, 0, 0.75], "texture": "#0"},
				"east": {"uv": [9.5, 4.25, 16, 5], "texture": "#0"},
				"south": {"uv": [0, 0, 0, 0.75], "texture": "#0"},
				"west": {"uv": [9.5, 3.5, 16, 4.25], "texture": "#0"},
				"up": {"uv": [0, 6.5, 0, 0], "texture": "#0"},
				"down": {"uv": [0, 0, 0, 6.5], "texture": "#0"}
			}
		},
		{
			"from": [21, 0, -5],
			"to": [21, 4, 21],
			"faces": {
				"north": {"uv": [0, 0, 0, 0.75], "texture": "#0"},
				"east": {"uv": [9.5, 3.5, 16, 4.25], "texture": "#0"},
				"south": {"uv": [0, 0, 0, 0.75], "texture": "#0"},
				"west": {"uv": [9.5, 4.25, 16, 5], "texture": "#0"},
				"up": {"uv": [0, 6.5, 0, 0], "texture": "#0"},
				"down": {"uv": [0, 0, 0, 6.5], "texture": "#0"}
			}
		},
		{
			"from": [21, 1.3, -5],
			"to": [21, 2.65, 21],
			"faces": {
				"north": {"uv": [0, 0, 0, 0.75], "texture": "#0"},
				"east": {"uv": [8.75, 11, 15.25, 11.25], "texture": "#0", "tintindex": 0},
				"south": {"uv": [0, 0, 0, 0.75], "texture": "#0"},
				"west": {"uv": [8.75, 11.75, 15.25, 11.75], "texture": "#0"},
				"up": {"uv": [0, 6.5, 0, 0], "texture": "#0"},
				"down": {"uv": [0, 0, 0, 6.5], "texture": "#0"}
			}
		},
		{
			"from": [-5, 1.3, -5],
			"to": [-5, 2.65, 21],
			"rotation": {"angle": 0, "axis": "y", "origin": [10, 8.975, 5]},
			"faces": {
				"north": {"uv": [0, 0, 0, 0.75], "texture": "#0"},
				"east": {"uv": [8.75, 11.75, 15.25, 11.75], "texture": "#0"},
				"south": {"uv": [0, 0, 0, 0.75], "texture": "#0"},
				"west": {"uv": [8.75, 11, 15.25, 11.25], "texture": "#0", "tintindex": 0},
				"up": {"uv": [0, 6.5, 0, 0], "rotation": 180, "texture": "#0"},
				"down": {"uv": [0, 0, 0, 6.5], "rotation": 180, "texture": "#0"}
			}
		},
		{
			"from": [-5, 1.3, -5],
			"to": [21, 2.65, -5],
			"rotation": {"angle": 0, "axis": "y", "origin": [9, 11.975, 8]},
			"faces": {
				"north": {"uv": [8.75, 11, 15.25, 11.25], "texture": "#0", "tintindex": 0},
				"east": {"uv": [0, 0, 0, 0.75], "texture": "#0"},
				"south": {"uv": [8.75, 11.75, 15.25, 11.75], "texture": "#0"},
				"west": {"uv": [0, 0, 0, 0.75], "texture": "#0"},
				"up": {"uv": [0, 6.5, 0, 0], "rotation": 270, "texture": "#0"},
				"down": {"uv": [0, 0, 0, 6.5], "rotation": 90, "texture": "#0"}
			}
		},
		{
			"from": [-5, 1.3, 21],
			"to": [21, 2.65, 21],
			"rotation": {"angle": 0, "axis": "y", "origin": [9, 11.975, 8]},
			"faces": {
				"north": {"uv": [8.75, 11.75, 15.25, 11.75], "texture": "#0"},
				"east": {"uv": [0, 0, 0, 0.75], "texture": "#0"},
				"south": {"uv": [8.75, 11, 15.25, 11.25], "texture": "#0", "tintindex": 0},
				"west": {"uv": [0, 0, 0, 0.75], "texture": "#0"},
				"up": {"uv": [0, 6.5, 0, 0], "rotation": 90, "texture": "#0"},
				"down": {"uv": [0, 0, 0, 6.5], "rotation": 270, "texture": "#0"}
			}
		},
		{
			"from": [-5, 0, 21],
			"to": [21, 4, 21],
			"rotation": {"angle": 0, "axis": "y", "origin": [8, 1, 8]},
			"faces": {
				"north": {"uv": [9.5, 4.25, 16, 5], "texture": "#0"},
				"east": {"uv": [0, 0, 0, 0.75], "texture": "#0"},
				"south": {"uv": [9.5, 3.5, 16, 4.25], "texture": "#0"},
				"west": {"uv": [0, 0, 0, 0.75], "texture": "#0"},
				"up": {"uv": [6.5, 0, 0, 0], "texture": "#0"},
				"down": {"uv": [6.5, 0, 0, 0], "texture": "#0"}
			}
		},
		{
			"from": [-5, 0, -5],
			"to": [21, 4, -5],
			"rotation": {"angle": 0, "axis": "y", "origin": [8, 1, 8]},
			"faces": {
				"north": {"uv": [9.5, 3.5, 16, 4.25], "texture": "#0"},
				"east": {"uv": [0, 0, 0, 0.75], "texture": "#0"},
				"south": {"uv": [9.5, 4.25, 16, 5], "texture": "#0"},
				"west": {"uv": [0, 0, 0, 0.75], "texture": "#0"},
				"up": {"uv": [6.5, 0, 0, 0], "texture": "#0"},
				"down": {"uv": [6.5, 0, 0, 0], "texture": "#0"}
			}
		}
	],
	"gui_light": "front",
	"display": {
		"gui": {
			"rotation": [31, -28, 0],
			"translation": [0, 1.75, 0],
			"scale": [0.45, 0.45, 0.45]
		},
		"head": {
			"rotation": [5, 0, 0],
			"translation": [0, 13.25, 0],
			"scale": [1.27, 1.27, 1.27]
		}
	}
}