{
	"credit": "Made with Blockbench",
	"texture_size": [64, 64],
	"textures": {
		"1": "cosmetics:hat/top_hat"
	},
	"elements": [
		{
			"from": [0, -1, 0],
			"to": [16, 2, 16],
			"faces": {
				"north": {"uv": [0, 8, 4, 8.75], "texture": "#1"},
				"east": {"uv": [0, 8.75, 4, 9.5], "texture": "#1"},
				"south": {"uv": [4, 9, 8, 9.75], "texture": "#1"},
				"west": {"uv": [8, 9, 12, 9.75], "texture": "#1"},
				"up": {"uv": [4, 4, 0, 0], "texture": "#1"},
				"down": {"uv": [4, 4, 0, 8], "texture": "#1"}
			}
		},
		{
			"from": [2, 2, 2],
			"to": [2, 5, 14],
			"faces": {
				"north": {"uv": [3.5, 12.25, 6.5, 13], "texture": "#1", "tintindex": 0},
				"east": {"uv": [6.75, 10.75, 9.75, 11.5], "texture": "#1", "tintindex": 0},
				"south": {"uv": [3.5, 10.75, 6.5, 11.5], "texture": "#1", "tintindex": 0},
				"west": {"uv": [6.75, 12.25, 9.75, 13], "texture": "#1", "tintindex": 0},
				"up": {"uv": [15, 6, 12, 3], "texture": "#1"},
				"down": {"uv": [15, 3, 12, 6], "texture": "#1"}
			}
		},
		{
			"from": [14, 2, 2],
			"to": [14, 5, 14],
			"faces": {
				"north": {"uv": [3.5, 10.75, 6.5, 11.5], "texture": "#1", "tintindex": 0},
				"east": {"uv": [6.75, 12.25, 9.75, 13], "texture": "#1", "tintindex": 0},
				"south": {"uv": [3.5, 12.25, 6.5, 13], "texture": "#1", "tintindex": 0},
				"west": {"uv": [6.75, 10.75, 9.75, 11.5], "texture": "#1", "tintindex": 0},
				"up": {"uv": [15, 6, 12, 3], "texture": "#1"},
				"down": {"uv": [15, 3, 12, 6], "texture": "#1"}
			}
		},
		{
			"from": [2, 2, 14],
			"to": [14, 5, 14],
			"rotation": {"angle": 0, "axis": "y", "origin": [7, 20, 8]},
			"faces": {
				"north": {"uv": [3.5, 10.75, 6.5, 11.5], "texture": "#1", "tintindex": 0},
				"east": {"uv": [6.75, 10.75, 9.75, 11.5], "texture": "#1", "tintindex": 0},
				"south": {"uv": [6.75, 12.25, 9.75, 13], "texture": "#1", "tintindex": 0},
				"west": {"uv": [3.5, 12.25, 6.5, 13], "texture": "#1", "tintindex": 0},
				"up": {"uv": [15, 6, 12, 3], "rotation": 270, "texture": "#1"},
				"down": {"uv": [15, 3, 12, 6], "rotation": 90, "texture": "#1"}
			}
		},
		{
			"from": [2, 2, 2],
			"to": [14, 5, 2],
			"rotation": {"angle": 0, "axis": "y", "origin": [7, 20, 8]},
			"faces": {
				"north": {"uv": [6.75, 10.75, 9.75, 11.5], "texture": "#1", "tintindex": 0},
				"east": {"uv": [3.5, 11.5, 6.5, 10.75], "texture": "#1", "tintindex": 0},
				"south": {"uv": [6.75, 12.25, 9.75, 13], "texture": "#1", "tintindex": 0},
				"west": {"uv": [3.5, 12.25, 6.5, 13], "texture": "#1", "tintindex": 0},
				"up": {"uv": [15, 6, 12, 3], "rotation": 270, "texture": "#1"},
				"down": {"uv": [15, 3, 12, 6], "rotation": 90, "texture": "#1"}
			}
		},
		{
			"from": [2, 2, 2],
			"to": [14, 14, 14],
			"faces": {
				"north": {"uv": [4, 0, 7, 3], "texture": "#1"},
				"east": {"uv": [4, 3, 7, 6], "texture": "#1"},
				"south": {"uv": [4, 6, 7, 9], "texture": "#1"},
				"west": {"uv": [7, 0, 10, 3], "texture": "#1"},
				"up": {"uv": [10, 6, 7, 3], "texture": "#1"},
				"down": {"uv": [10, 6, 7, 9], "texture": "#1"}
			}
		}
	],
	"display": {
		"gui": {
			"rotation": [20, 27, 3],
			"translation": [0, 1.25, 0],
			"scale": [0.73, 0.73, 0.74]
		},
		"head": {
			"translation": [0, 14.25, 0],
			"scale": [1.2, 1.2, 1.2]
		}
	}
}