{
	"credit": "Made with Blockbench",
	"texture_size": [64, 64],
	"textures": {
		"0": "cosmetics:hat/witch_hat",
		"particle": "cosmetics:hat/witch_hat"
	},
	"elements": [
		{
			"from": [-2, 0.9, -2],
			"to": [18, 0.9, 18],
			"rotation": {"angle": 0, "axis": "y", "origin": [0, 1, 0]},
			"faces": {
				"north": {"uv": [0, 0, 5, 0], "texture": "#0", "tintindex": 0},
				"east": {"uv": [0, 0, 5, 0], "texture": "#0", "tintindex": 0},
				"south": {"uv": [0, 0, 5, 0], "texture": "#0", "tintindex": 0},
				"west": {"uv": [0, 0, 5, 0], "texture": "#0", "tintindex": 0},
				"up": {"uv": [5, 5, 0, 0], "texture": "#0", "tintindex": 0},
				"down": {"uv": [5, 0, 0, 5], "texture": "#0", "tintindex": 0}
			}
		},
		{
			"from": [2, 1, 2],
			"to": [14, 5, 14],
			"rotation": {"angle": 0, "axis": "y", "origin": [0, 1, 0]},
			"faces": {
				"north": {"uv": [7.5, 9.75, 10.5, 10.75], "texture": "#0", "tintindex": 0},
				"east": {"uv": [0, 10, 3, 11], "texture": "#0", "tintindex": 0},
				"south": {"uv": [10, 0, 13, 1], "texture": "#0", "tintindex": 0},
				"west": {"uv": [10, 1, 13, 2], "texture": "#0", "tintindex": 0},
				"up": {"uv": [8, 3, 5, 0], "texture": "#0", "tintindex": 0},
				"down": {"uv": [8, 3, 5, 6], "texture": "#0", "tintindex": 0}
			}
		},
		{
			"from": [3, 3, 4],
			"to": [13, 8, 14],
			"rotation": {"angle": 22.5, "axis": "x", "origin": [8, 7, 8]},
			"faces": {
				"north": {"uv": [8, 4, 10.5, 5.25], "texture": "#0", "tintindex": 0},
				"east": {"uv": [5, 8.5, 7.5, 9.75], "texture": "#0", "tintindex": 0},
				"south": {"uv": [7.5, 8.5, 10, 9.75], "texture": "#0", "tintindex": 0},
				"west": {"uv": [5, 9.75, 7.5, 11], "texture": "#0", "tintindex": 0},
				"up": {"uv": [7.5, 8.5, 5, 6], "texture": "#0", "tintindex": 0},
				"down": {"uv": [10, 6, 7.5, 8.5], "texture": "#0", "tintindex": 0}
			}
		},
		{
			"from": [4, 5.21025, 7.55967],
			"to": [12, 10.21025, 15.55967],
			"rotation": {"angle": 22.5, "axis": "x", "origin": [8, 12.89245, 11.69845]},
			"faces": {
				"north": {"uv": [10, 2, 12, 3.25], "texture": "#0", "tintindex": 0},
				"east": {"uv": [3, 10, 5, 11.25], "texture": "#0", "tintindex": 0},
				"south": {"uv": [10, 5.25, 12, 6.5], "texture": "#0", "tintindex": 0},
				"west": {"uv": [10, 6.5, 12, 7.75], "texture": "#0", "tintindex": 0},
				"up": {"uv": [10, 2, 8, 0], "texture": "#0", "tintindex": 0},
				"down": {"uv": [10, 2, 8, 4], "texture": "#0", "tintindex": 0}
			}
		},
		{
			"from": [5, 10.23759, 8.72784],
			"to": [11, 13.23759, 14.72784],
			"rotation": {"angle": 22.5, "axis": "x", "origin": [8, 12.89245, 11.69845]},
			"faces": {
				"north": {"uv": [8, 5.25, 9.5, 6], "texture": "#0", "tintindex": 0},
				"east": {"uv": [0, 11, 1.5, 11.75], "texture": "#0", "tintindex": 0},
				"south": {"uv": [1.5, 11, 3, 11.75], "texture": "#0", "tintindex": 0},
				"west": {"uv": [5, 11, 6.5, 11.75], "texture": "#0", "tintindex": 0},
				"up": {"uv": [11.5, 9.25, 10, 7.75], "texture": "#0", "tintindex": 0},
				"down": {"uv": [12, 3.25, 10.5, 4.75], "texture": "#0", "tintindex": 0}
			}
		},
		{
			"from": [6, 12.32403, 9.65459],
			"to": [10, 17.32403, 13.65459],
			"rotation": {"angle": 45, "axis": "x", "origin": [8, 12.89245, 11.69845]},
			"faces": {
				"north": {"uv": [10.5, 9.25, 11.5, 10.5], "texture": "#0", "tintindex": 0},
				"east": {"uv": [10.5, 10.5, 11.5, 11.75], "texture": "#0", "tintindex": 0},
				"south": {"uv": [7.5, 10.75, 8.5, 12], "texture": "#0", "tintindex": 0},
				"west": {"uv": [8.5, 10.75, 9.5, 12], "texture": "#0", "tintindex": 0},
				"up": {"uv": [10.5, 11.75, 9.5, 10.75], "texture": "#0", "tintindex": 0},
				"down": {"uv": [7.5, 11, 6.5, 12], "texture": "#0", "tintindex": 0}
			}
		},
		{
			"from": [7, 11.93872, 16.00122],
			"to": [9, 13.93872, 20.00122],
			"rotation": {"angle": -45, "axis": "x", "origin": [8, 12.89245, 11.69845]},
			"faces": {
				"north": {"uv": [9.5, 5.25, 10, 5.75], "texture": "#0", "tintindex": 0},
				"east": {"uv": [10.5, 4.75, 11.5, 5.25], "texture": "#0", "tintindex": 0},
				"south": {"uv": [10, 3.25, 10.5, 3.75], "texture": "#0", "tintindex": 0},
				"west": {"uv": [3, 11.25, 4, 11.75], "texture": "#0", "tintindex": 0},
				"up": {"uv": [4.5, 12.25, 4, 11.25], "texture": "#0", "tintindex": 0},
				"down": {"uv": [5, 11.25, 4.5, 12.25], "texture": "#0", "tintindex": 0}
			}
		}
	],
	"gui_light": "front",
	"display": {
		"gui": {
			"rotation": [23, 130, 0],
			"translation": [0, -0.5, 0],
			"scale": [0.66, 0.66, 0.66]
		},
		"head": {
			"translation": [0, 13, 0],
			"scale": [1.4, 1.4, 1.4]
		}
	}
}