{"credit":"Made with Blockbench","texture_size":[32,32],"textures":{"4":"outmodedpvp_weapons:mediaeval_weapons/battlestaff"},"elements":[{"name":"battlestaff-exp1212ort_0","from":[14,14,0],"to":[16,16,1],"faces":{"north":{"uv":[8,0,7,1],"texture":"#4"},"east":{"uv":[7.5,0,8,1],"texture":"#4"},"south":{"uv":[7,0,8,1],"texture":"#4"},"west":{"uv":[7,0,7.5,1],"texture":"#4"},"up":{"uv":[7,0,8,0.5],"texture":"#4"},"down":{"uv":[7,0.5,8,1],"texture":"#4"}}},{"name":"battlestaff-exp1212ort_1","from":[13,12,0],"to":[14,15,1],"faces":{"north":{"uv":[7,0.5,6.5,2],"texture":"#4"},"east":{"uv":[6.5,0.5,7,2],"texture":"#4"},"south":{"uv":[6.5,0.5,7,2],"texture":"#4"},"west":{"uv":[6.5,0.5,7,2],"texture":"#4"},"up":{"uv":[6.5,0.5,7,1],"texture":"#4"},"down":{"uv":[6.5,1.5,7,2],"texture":"#4"}}},{"name":"battlestaff-exp1212ort_2","from":[12,11,0],"to":[13,14,1],"faces":{"north":{"uv":[6.5,1,6,2.5],"texture":"#4"},"east":{"uv":[6,1,6.5,2.5],"texture":"#4"},"south":{"uv":[6,1,6.5,2.5],"texture":"#4"},"west":{"uv":[6,1,6.5,2.5],"texture":"#4"},"up":{"uv":[6,1,6.5,1.5],"texture":"#4"},"down":{"uv":[6,2,6.5,2.5],"texture":"#4"}}},{"name":"battlestaff-exp1212ort_3","from":[14,13,0],"to":[15,14,1],"faces":{"north":{"uv":[7.5,1,7,1.5],"texture":"#4"},"east":{"uv":[7,1,7.5,1.5],"texture":"#4"},"south":{"uv":[7,1,7.5,1.5],"texture":"#4"},"west":{"uv":[7,1,7.5,1.5],"texture":"#4"},"up":{"uv":[7,1,7.5,1.5],"texture":"#4"},"down":{"uv":[7,1,7.5,1.5],"texture":"#4"}}},{"name":"battlestaff-exp1212ort_4","from":[11,10,0],"to":[12,13,1],"faces":{"north":{"uv":[6,1.5,5.5,3],"texture":"#4"},"east":{"uv":[5.5,1.5,6,3],"texture":"#4"},"south":{"uv":[5.5,1.5,6,3],"texture":"#4"},"west":{"uv":[5.5,1.5,6,3],"texture":"#4"},"up":{"uv":[5.5,1.5,6,2],"texture":"#4"},"down":{"uv":[5.5,2.5,6,3],"texture":"#4"}}},{"name":"battlestaff-exp1212ort_5","from":[10,9,0],"to":[11,12,1],"faces":{"north":{"uv":[5.5,2,5,3.5],"texture":"#4"},"east":{"uv":[5,2,5.5,3.5],"texture":"#4"},"south":{"uv":[5,2,5.5,3.5],"texture":"#4"},"west":{"uv":[5,2,5.5,3.5],"texture":"#4"},"up":{"uv":[5,2,5.5,2.5],"texture":"#4"},"down":{"uv":[5,3,5.5,3.5],"texture":"#4"}}},{"name":"battlestaff-exp1212ort_6","from":[9,8,0],"to":[10,11,1],"faces":{"north":{"uv":[5,2.5,4.5,4],"texture":"#4"},"east":{"uv":[4.5,2.5,5,4],"texture":"#4"},"south":{"uv":[4.5,2.5,5,4],"texture":"#4"},"west":{"uv":[4.5,2.5,5,4],"texture":"#4"},"up":{"uv":[4.5,2.5,5,3],"texture":"#4"},"down":{"uv":[4.5,3.5,5,4],"texture":"#4"}}},{"name":"battlestaff-exp1212ort_7","from":[8,7,0],"to":[9,10,1],"faces":{"north":{"uv":[4.5,3,4,4.5],"texture":"#4"},"east":{"uv":[4,3,4.5,4.5],"texture":"#4"},"south":{"uv":[4,3,4.5,4.5],"texture":"#4"},"west":{"uv":[4,3,4.5,4.5],"texture":"#4"},"up":{"uv":[4,3,4.5,3.5],"texture":"#4"},"down":{"uv":[4,4,4.5,4.5],"texture":"#4"}}},{"name":"battlestaff-exp1212ort_8","from":[7,6,0],"to":[8,9,1],"faces":{"north":{"uv":[4,3.5,3.5,5],"texture":"#4"},"east":{"uv":[3.5,3.5,4,5],"texture":"#4"},"south":{"uv":[3.5,3.5,4,5],"texture":"#4"},"west":{"uv":[3.5,3.5,4,5],"texture":"#4"},"up":{"uv":[3.5,3.5,4,4],"texture":"#4"},"down":{"uv":[3.5,4.5,4,5],"texture":"#4"}}},{"name":"battlestaff-exp1212ort_9","from":[6,5,0],"to":[7,8,1],"faces":{"north":{"uv":[3.5,4,3,5.5],"texture":"#4"},"east":{"uv":[3,4,3.5,5.5],"texture":"#4"},"south":{"uv":[3,4,3.5,5.5],"texture":"#4"},"west":{"uv":[3,4,3.5,5.5],"texture":"#4"},"up":{"uv":[3,4,3.5,4.5],"texture":"#4"},"down":{"uv":[3,5,3.5,5.5],"texture":"#4"}}},{"name":"battlestaff-exp1212ort_10","from":[5,4,0],"to":[6,7,1],"faces":{"north":{"uv":[3,4.5,2.5,6],"texture":"#4"},"east":{"uv":[2.5,4.5,3,6],"texture":"#4"},"south":{"uv":[2.5,4.5,3,6],"texture":"#4"},"west":{"uv":[2.5,4.5,3,6],"texture":"#4"},"up":{"uv":[2.5,4.5,3,5],"texture":"#4"},"down":{"uv":[2.5,5.5,3,6],"texture":"#4"}}},{"name":"battlestaff-exp1212ort_11","from":[4,3,0],"to":[5,6,1],"faces":{"north":{"uv":[2.5,5,2,6.5],"texture":"#4"},"east":{"uv":[2,5,2.5,6.5],"texture":"#4"},"south":{"uv":[2,5,2.5,6.5],"texture":"#4"},"west":{"uv":[2,5,2.5,6.5],"texture":"#4"},"up":{"uv":[2,5,2.5,5.5],"texture":"#4"},"down":{"uv":[2,6,2.5,6.5],"texture":"#4"}}},{"name":"battlestaff-exp1212ort_12","from":[3,2,0],"to":[4,5,1],"faces":{"north":{"uv":[2,5.5,1.5,7],"texture":"#4"},"east":{"uv":[1.5,5.5,2,7],"texture":"#4"},"south":{"uv":[1.5,5.5,2,7],"texture":"#4"},"west":{"uv":[1.5,5.5,2,7],"texture":"#4"},"up":{"uv":[1.5,5.5,2,6],"texture":"#4"},"down":{"uv":[1.5,6.5,2,7],"texture":"#4"}}},{"name":"battlestaff-exp1212ort_13","from":[2,1,0],"to":[3,4,1],"faces":{"north":{"uv":[1.5,6,1,7.5],"texture":"#4"},"east":{"uv":[1,6,1.5,7.5],"texture":"#4"},"south":{"uv":[1,6,1.5,7.5],"texture":"#4"},"west":{"uv":[1,6,1.5,7.5],"texture":"#4"},"up":{"uv":[1,6,1.5,6.5],"texture":"#4"},"down":{"uv":[1,7,1.5,7.5],"texture":"#4"}}},{"name":"battlestaff-exp1212ort_14","from":[1,0,0],"to":[2,3,1],"faces":{"north":{"uv":[1,6.5,0.5,8],"texture":"#4"},"east":{"uv":[0.5,6.5,1,8],"texture":"#4"},"south":{"uv":[0.5,6.5,1,8],"texture":"#4"},"west":{"uv":[0.5,6.5,1,8],"texture":"#4"},"up":{"uv":[0.5,6.5,1,7],"texture":"#4"},"down":{"uv":[0.5,7.5,1,8],"texture":"#4"}}},{"name":"battlestaff-exp1212ort_15","from":[0,0,0],"to":[1,2,1],"faces":{"north":{"uv":[0.5,7,0,8],"texture":"#4"},"east":{"uv":[0,7,0.5,8],"texture":"#4"},"south":{"uv":[0,7,0.5,8],"texture":"#4"},"west":{"uv":[0,7,0.5,8],"texture":"#4"},"up":{"uv":[0,7,0.5,7.5],"texture":"#4"},"down":{"uv":[0,7.5,0.5,8],"texture":"#4"}}},{"name":"battlestaff-exp12ort_0","from":[30,30,0],"to":[32,32,1],"faces":{"north":{"uv":[16,0,15,1],"texture":"#4"},"east":{"uv":[15.5,0,16,1],"texture":"#4"},"south":{"uv":[15,0,16,1],"texture":"#4"},"west":{"uv":[15,0,15.5,1],"texture":"#4"},"up":{"uv":[15,0,16,0.5],"texture":"#4"},"down":{"uv":[15,0.5,16,1],"texture":"#4"}}},{"name":"battlestaff-exp12ort_1","from":[29,28,0],"to":[30,31,1],"faces":{"north":{"uv":[15,0.5,14.5,2],"texture":"#4"},"east":{"uv":[14.5,0.5,15,2],"texture":"#4"},"south":{"uv":[14.5,0.5,15,2],"texture":"#4"},"west":{"uv":[14.5,0.5,15,2],"texture":"#4"},"up":{"uv":[14.5,0.5,15,1],"texture":"#4"},"down":{"uv":[14.5,1.5,15,2],"texture":"#4"}}},{"name":"battlestaff-exp12ort_2","from":[28,27,0],"to":[29,30,1],"faces":{"north":{"uv":[14.5,1,14,2.5],"texture":"#4"},"east":{"uv":[14,1,14.5,2.5],"texture":"#4"},"south":{"uv":[14,1,14.5,2.5],"texture":"#4"},"west":{"uv":[14,1,14.5,2.5],"texture":"#4"},"up":{"uv":[14,1,14.5,1.5],"texture":"#4"},"down":{"uv":[14,2,14.5,2.5],"texture":"#4"}}},{"name":"battlestaff-exp12ort_3","from":[30,29,0],"to":[31,30,1],"faces":{"north":{"uv":[15.5,1,15,1.5],"texture":"#4"},"east":{"uv":[15,1,15.5,1.5],"texture":"#4"},"south":{"uv":[15,1,15.5,1.5],"texture":"#4"},"west":{"uv":[15,1,15.5,1.5],"texture":"#4"},"up":{"uv":[15,1,15.5,1.5],"texture":"#4"},"down":{"uv":[15,1,15.5,1.5],"texture":"#4"}}},{"name":"battlestaff-exp12ort_4","from":[27,26,0],"to":[28,29,1],"faces":{"north":{"uv":[14,1.5,13.5,3],"texture":"#4"},"east":{"uv":[13.5,1.5,14,3],"texture":"#4"},"south":{"uv":[13.5,1.5,14,3],"texture":"#4"},"west":{"uv":[13.5,1.5,14,3],"texture":"#4"},"up":{"uv":[13.5,1.5,14,2],"texture":"#4"},"down":{"uv":[13.5,2.5,14,3],"texture":"#4"}}},{"name":"battlestaff-exp12ort_5","from":[26,25,0],"to":[27,28,1],"faces":{"north":{"uv":[13.5,2,13,3.5],"texture":"#4"},"east":{"uv":[13,2,13.5,3.5],"texture":"#4"},"south":{"uv":[13,2,13.5,3.5],"texture":"#4"},"west":{"uv":[13,2,13.5,3.5],"texture":"#4"},"up":{"uv":[13,2,13.5,2.5],"texture":"#4"},"down":{"uv":[13,3,13.5,3.5],"texture":"#4"}}},{"name":"battlestaff-exp12ort_6","from":[25,24,0],"to":[26,27,1],"faces":{"north":{"uv":[13,2.5,12.5,4],"texture":"#4"},"east":{"uv":[12.5,2.5,13,4],"texture":"#4"},"south":{"uv":[12.5,2.5,13,4],"texture":"#4"},"west":{"uv":[12.5,2.5,13,4],"texture":"#4"},"up":{"uv":[12.5,2.5,13,3],"texture":"#4"},"down":{"uv":[12.5,3.5,13,4],"texture":"#4"}}},{"name":"battlestaff-exp12ort_7","from":[24,23,0],"to":[25,26,1],"faces":{"north":{"uv":[12.5,3,12,4.5],"texture":"#4"},"east":{"uv":[12,3,12.5,4.5],"texture":"#4"},"south":{"uv":[12,3,12.5,4.5],"texture":"#4"},"west":{"uv":[12,3,12.5,4.5],"texture":"#4"},"up":{"uv":[12,3,12.5,3.5],"texture":"#4"},"down":{"uv":[12,4,12.5,4.5],"texture":"#4"}}},{"name":"battlestaff-exp12ort_8","from":[23,22,0],"to":[24,25,1],"faces":{"north":{"uv":[12,3.5,11.5,5],"texture":"#4"},"east":{"uv":[11.5,3.5,12,5],"texture":"#4"},"south":{"uv":[11.5,3.5,12,5],"texture":"#4"},"west":{"uv":[11.5,3.5,12,5],"texture":"#4"},"up":{"uv":[11.5,3.5,12,4],"texture":"#4"},"down":{"uv":[11.5,4.5,12,5],"texture":"#4"}}},{"name":"battlestaff-exp12ort_9","from":[22,21,0],"to":[23,24,1],"faces":{"north":{"uv":[11.5,4,11,5.5],"texture":"#4"},"east":{"uv":[11,4,11.5,5.5],"texture":"#4"},"south":{"uv":[11,4,11.5,5.5],"texture":"#4"},"west":{"uv":[11,4,11.5,5.5],"texture":"#4"},"up":{"uv":[11,4,11.5,4.5],"texture":"#4"},"down":{"uv":[11,5,11.5,5.5],"texture":"#4"}}},{"name":"battlestaff-exp12ort_10","from":[21,20,0],"to":[22,23,1],"faces":{"north":{"uv":[11,4.5,10.5,6],"texture":"#4"},"east":{"uv":[10.5,4.5,11,6],"texture":"#4"},"south":{"uv":[10.5,4.5,11,6],"texture":"#4"},"west":{"uv":[10.5,4.5,11,6],"texture":"#4"},"up":{"uv":[10.5,4.5,11,5],"texture":"#4"},"down":{"uv":[10.5,5.5,11,6],"texture":"#4"}}},{"name":"battlestaff-exp12ort_11","from":[20,19,0],"to":[21,22,1],"faces":{"north":{"uv":[10.5,5,10,6.5],"texture":"#4"},"east":{"uv":[10,5,10.5,6.5],"texture":"#4"},"south":{"uv":[10,5,10.5,6.5],"texture":"#4"},"west":{"uv":[10,5,10.5,6.5],"texture":"#4"},"up":{"uv":[10,5,10.5,5.5],"texture":"#4"},"down":{"uv":[10,6,10.5,6.5],"texture":"#4"}}},{"name":"battlestaff-exp12ort_12","from":[19,18,0],"to":[20,21,1],"faces":{"north":{"uv":[10,5.5,9.5,7],"texture":"#4"},"east":{"uv":[9.5,5.5,10,7],"texture":"#4"},"south":{"uv":[9.5,5.5,10,7],"texture":"#4"},"west":{"uv":[9.5,5.5,10,7],"texture":"#4"},"up":{"uv":[9.5,5.5,10,6],"texture":"#4"},"down":{"uv":[9.5,6.5,10,7],"texture":"#4"}}},{"name":"battlestaff-exp12ort_13","from":[18,17,0],"to":[19,20,1],"faces":{"north":{"uv":[9.5,6,9,7.5],"texture":"#4"},"east":{"uv":[9,6,9.5,7.5],"texture":"#4"},"south":{"uv":[9,6,9.5,7.5],"texture":"#4"},"west":{"uv":[9,6,9.5,7.5],"texture":"#4"},"up":{"uv":[9,6,9.5,6.5],"texture":"#4"},"down":{"uv":[9,7,9.5,7.5],"texture":"#4"}}},{"name":"battlestaff-exp12ort_14","from":[17,16,0],"to":[18,19,1],"faces":{"north":{"uv":[9,6.5,8.5,8],"texture":"#4"},"east":{"uv":[8.5,6.5,9,8],"texture":"#4"},"south":{"uv":[8.5,6.5,9,8],"texture":"#4"},"west":{"uv":[8.5,6.5,9,8],"texture":"#4"},"up":{"uv":[8.5,6.5,9,7],"texture":"#4"},"down":{"uv":[8.5,7.5,9,8],"texture":"#4"}}},{"name":"battlestaff-exp12ort_15","from":[16,16,0],"to":[17,18,1],"faces":{"north":{"uv":[8.5,7,8,8],"texture":"#4"},"east":{"uv":[8,7,8.5,8],"texture":"#4"},"south":{"uv":[8,7,8.5,8],"texture":"#4"},"west":{"uv":[8,7,8.5,8],"texture":"#4"},"up":{"uv":[8,7,8.5,7.5],"texture":"#4"},"down":{"uv":[8,7.5,8.5,8],"texture":"#4"}}},{"name":"battlestaff-exp1e212ort_0","from":[16,15,0],"to":[17,16,1],"faces":{"north":{"uv":[0.5,8,0,8.5],"texture":"#4"},"east":{"uv":[0,8,0.5,8.5],"texture":"#4"},"south":{"uv":[0,8,0.5,8.5],"texture":"#4"},"west":{"uv":[0,8,0.5,8.5],"texture":"#4"},"up":{"uv":[0,8,0.5,8.5],"texture":"#4"},"down":{"uv":[0,8,0.5,8.5],"texture":"#4"}}},{"name":"battlestaff-exp1e21e2ort_0","from":[15,16,0],"to":[16,17,1],"faces":{"north":{"uv":[16,15.5,15.5,16],"texture":"#4"},"east":{"uv":[15.5,15.5,16,16],"texture":"#4"},"south":{"uv":[15.5,15.5,16,16],"texture":"#4"},"west":{"uv":[15.5,15.5,16,16],"texture":"#4"},"up":{"uv":[15.5,15.5,16,16],"texture":"#4"},"down":{"uv":[15.5,15.5,16,16],"texture":"#4"}}}],"gui_light":"front","display":{"thirdperson_righthand":{"rotation":[0,-90,50],"translation":[-7.5,-13,2.5]},"thirdperson_lefthand":{"rotation":[0,90,-50],"translation":[7.5,-13,2.5]},"firstperson_righthand":{"rotation":[0,-90,46],"translation":[-6.5,-0.25,-2.5]},"firstperson_lefthand":{"rotation":[0,90,-46],"translation":[6.5,-0.25,-2.5]},"ground":{"translation":[0,5.25,7]},"gui":{"translation":[-4,-4,0],"scale":[0.5,0.5,1]}}}