{"credit":"Made with Blockbench","texture_size":[32,32],"textures":{"0":"outmodedpvp_weapons:mediaeval_weapons/battle_axe"},"elements":[{"name":"Sprite-0003_0","from":[9,15,0],"to":[16,16,1],"faces":{"north":{"uv":[7.5,7.5,11,8],"texture":"#0"},"east":{"uv":[3,3.5,3.5,4],"texture":"#0"},"south":{"uv":[8,0,11.5,0.5],"texture":"#0"},"west":{"uv":[5,1.5,5.5,2],"texture":"#0"},"up":{"uv":[11.5,1,8,0.5],"texture":"#0"},"down":{"uv":[11.5,1,8,1.5],"texture":"#0"}}},{"name":"Sprite-0003_1","from":[13,13,0],"to":[16,15,1],"faces":{"north":{"uv":[4.5,0.5,6,1.5],"texture":"#0"},"east":{"uv":[2.5,3.5,3,4.5],"texture":"#0"},"south":{"uv":[8,1.5,9.5,2.5],"texture":"#0"},"west":{"uv":[2,4,2.5,5],"texture":"#0"},"up":{"uv":[4,3.5,2.5,3],"texture":"#0"},"down":{"uv":[6,4,4.5,4.5],"texture":"#0"}}},{"name":"Sprite-0003_2","from":[12,11,0],"to":[13,14,1],"faces":{"north":{"uv":[0,5.5,0.5,7],"texture":"#0"},"east":{"uv":[3,10.5,3.5,12],"texture":"#0"},"south":{"uv":[10.5,3.5,11,5],"texture":"#0"},"west":{"uv":[4,10.5,4.5,12],"texture":"#0"},"up":{"uv":[5.5,4,5,3.5],"texture":"#0"},"down":{"uv":[1.5,5.5,1,6],"texture":"#0"}}},{"name":"Sprite-0003_3","from":[11,10,0],"to":[12,13,1],"faces":{"north":{"uv":[4.5,10.5,5,12],"texture":"#0"},"east":{"uv":[5,10.5,5.5,12],"texture":"#0"},"south":{"uv":[5.5,10.5,6,12],"texture":"#0"},"west":{"uv":[6,10.5,6.5,12],"texture":"#0"},"up":{"uv":[6.5,1,6,0.5],"texture":"#0"},"down":{"uv":[9.5,5,9,5.5],"texture":"#0"}}},{"name":"Sprite-0003_4","from":[13,12,0],"to":[14,13,1],"faces":{"north":{"uv":[10.5,12.5,11,13],"texture":"#0"},"east":{"uv":[11,12.5,11.5,13],"texture":"#0"},"south":{"uv":[11.5,12.5,12,13],"texture":"#0"},"west":{"uv":[12,12.5,12.5,13],"texture":"#0"},"up":{"uv":[13,12.5,12.5,12],"texture":"#0"},"down":{"uv":[13,12.5,12.5,13],"texture":"#0"}}},{"name":"Sprite-0003_5","from":[15,9,0],"to":[16,13,1],"faces":{"north":{"uv":[7,9.5,7.5,11.5],"texture":"#0"},"east":{"uv":[9.5,8,10,10],"texture":"#0"},"south":{"uv":[10,1.5,10.5,3.5],"texture":"#0"},"west":{"uv":[3.5,10,4,12],"texture":"#0"},"up":{"uv":[0.5,13.5,0,13],"texture":"#0"},"down":{"uv":[1,13,0.5,13.5],"texture":"#0"}}},{"name":"Sprite-0003_6","from":[10,9,0],"to":[11,12,1],"faces":{"north":{"uv":[7.5,10.5,8,12],"texture":"#0"},"east":{"uv":[8,10.5,8.5,12],"texture":"#0"},"south":{"uv":[10.5,8,11,9.5],"texture":"#0"},"west":{"uv":[8.5,10.5,9,12],"texture":"#0"},"up":{"uv":[1.5,13.5,1,13],"texture":"#0"},"down":{"uv":[2,13,1.5,13.5],"texture":"#0"}}},{"name":"Sprite-0003_7","from":[9,8,0],"to":[10,11,1],"faces":{"north":{"uv":[9,10.5,9.5,12],"texture":"#0"},"east":{"uv":[10.5,9.5,11,11],"texture":"#0"},"south":{"uv":[0,11,0.5,12.5],"texture":"#0"},"west":{"uv":[11,1.5,11.5,3],"texture":"#0"},"up":{"uv":[13.5,2,13,1.5],"texture":"#0"},"down":{"uv":[13.5,2,13,2.5],"texture":"#0"}}},{"name":"Sprite-0003_8","from":[8,7,0],"to":[9,10,1],"faces":{"north":{"uv":[2,11,2.5,12.5],"texture":"#0"},"east":{"uv":[2.5,11,3,12.5],"texture":"#0"},"south":{"uv":[11,3,11.5,4.5],"texture":"#0"},"west":{"uv":[6.5,11,7,12.5],"texture":"#0"},"up":{"uv":[13.5,3,13,2.5],"texture":"#0"},"down":{"uv":[13.5,3,13,3.5],"texture":"#0"}}},{"name":"Sprite-0003_9","from":[7,6,0],"to":[8,9,1],"faces":{"north":{"uv":[11,7.5,11.5,9],"texture":"#0"},"east":{"uv":[11,9,11.5,10.5],"texture":"#0"},"south":{"uv":[10.5,11,11,12.5],"texture":"#0"},"west":{"uv":[11,10.5,11.5,12],"texture":"#0"},"up":{"uv":[13.5,4,13,3.5],"texture":"#0"},"down":{"uv":[13.5,4,13,4.5],"texture":"#0"}}},{"name":"Sprite-0003_10","from":[6,5,0],"to":[7,8,1],"faces":{"north":{"uv":[11.5,0,12,1.5],"texture":"#0"},"east":{"uv":[1,11.5,1.5,13],"texture":"#0"},"south":{"uv":[1.5,11.5,2,13],"texture":"#0"},"west":{"uv":[11.5,1.5,12,3],"texture":"#0"},"up":{"uv":[13.5,5,13,4.5],"texture":"#0"},"down":{"uv":[13.5,5,13,5.5],"texture":"#0"}}},{"name":"Sprite-0003_11","from":[5,4,0],"to":[6,7,1],"faces":{"north":{"uv":[11.5,3,12,4.5],"texture":"#0"},"east":{"uv":[7,11.5,7.5,13],"texture":"#0"},"south":{"uv":[11.5,7.5,12,9],"texture":"#0"},"west":{"uv":[11.5,9,12,10.5],"texture":"#0"},"up":{"uv":[13.5,6,13,5.5],"texture":"#0"},"down":{"uv":[13.5,6,13,6.5],"texture":"#0"}}},{"name":"Sprite-0003_12","from":[4,3,0],"to":[5,6,1],"faces":{"north":{"uv":[11.5,10.5,12,12],"texture":"#0"},"east":{"uv":[12,0,12.5,1.5],"texture":"#0"},"south":{"uv":[12,1.5,12.5,3],"texture":"#0"},"west":{"uv":[3,12,3.5,13.5],"texture":"#0"},"up":{"uv":[13.5,7,13,6.5],"texture":"#0"},"down":{"uv":[7.5,13,7,13.5],"texture":"#0"}}},{"name":"Sprite-0003_13","from":[3,2,0],"to":[4,5,1],"faces":{"north":{"uv":[12,3,12.5,4.5],"texture":"#0"},"east":{"uv":[3.5,12,4,13.5],"texture":"#0"},"south":{"uv":[4,12,4.5,13.5],"texture":"#0"},"west":{"uv":[4.5,12,5,13.5],"texture":"#0"},"up":{"uv":[13.5,7.5,13,7],"texture":"#0"},"down":{"uv":[13.5,7.5,13,8],"texture":"#0"}}},{"name":"Sprite-0003_14","from":[2,1,0],"to":[3,4,1],"faces":{"north":{"uv":[12,4.5,12.5,6],"texture":"#0"},"east":{"uv":[5,12,5.5,13.5],"texture":"#0"},"south":{"uv":[5.5,12,6,13.5],"texture":"#0"},"west":{"uv":[6,12,6.5,13.5],"texture":"#0"},"up":{"uv":[13.5,8.5,13,8],"texture":"#0"},"down":{"uv":[10.5,13,10,13.5],"texture":"#0"}}},{"name":"Sprite-0003_15","from":[1,0,0],"to":[2,3,1],"faces":{"north":{"uv":[12,6,12.5,7.5],"texture":"#0"},"east":{"uv":[7.5,12,8,13.5],"texture":"#0"},"south":{"uv":[12,7.5,12.5,9],"texture":"#0"},"west":{"uv":[8,12,8.5,13.5],"texture":"#0"},"up":{"uv":[11,13.5,10.5,13],"texture":"#0"},"down":{"uv":[11.5,13,11,13.5],"texture":"#0"}}},{"name":"Sprite-0003_16","from":[0,0,0],"to":[1,2,1],"faces":{"north":{"uv":[4.5,1.5,5,2.5],"texture":"#0"},"east":{"uv":[0.5,5.5,1,6.5],"texture":"#0"},"south":{"uv":[5.5,3,6,4],"texture":"#0"},"west":{"uv":[10,12,10.5,13],"texture":"#0"},"up":{"uv":[12,13.5,11.5,13],"texture":"#0"},"down":{"uv":[12.5,13,12,13.5],"texture":"#0"}}},{"name":"Sprite-0001_0","from":[15,16,0],"to":[16,24,1],"faces":{"north":{"uv":[7,1.5,7.5,5.5],"texture":"#0"},"east":{"uv":[7,5.5,7.5,9.5],"texture":"#0"},"south":{"uv":[1,7.5,1.5,11.5],"texture":"#0"},"west":{"uv":[7.5,3.5,8,7.5],"texture":"#0"},"up":{"uv":[13.5,12.5,13,12],"texture":"#0"},"down":{"uv":[13,13,12.5,13.5],"texture":"#0"}}},{"name":"Sprite-0001_1","from":[13,16,0],"to":[15,22,1],"faces":{"north":{"uv":[2.5,0,3.5,3],"texture":"#0"},"east":{"uv":[6,7.5,6.5,10.5],"texture":"#0"},"south":{"uv":[3.5,0,4.5,3],"texture":"#0"},"west":{"uv":[0,8,0.5,11],"texture":"#0"},"up":{"uv":[12,5,11,4.5],"texture":"#0"},"down":{"uv":[1,12.5,0,13],"texture":"#0"}}},{"name":"Sprite-0001_2","from":[12,16,0],"to":[13,21,1],"faces":{"north":{"uv":[0.5,8,1,10.5],"texture":"#0"},"east":{"uv":[7.5,8,8,10.5],"texture":"#0"},"south":{"uv":[8,8,8.5,10.5],"texture":"#0"},"west":{"uv":[8.5,8,9,10.5],"texture":"#0"},"up":{"uv":[13.5,13,13,12.5],"texture":"#0"},"down":{"uv":[13.5,13,13,13.5],"texture":"#0"}}},{"name":"Sprite-0001_3","from":[10,16,0],"to":[12,19,1],"faces":{"north":{"uv":[8,2.5,9,4],"texture":"#0"},"east":{"uv":[8.5,12,9,13.5],"texture":"#0"},"south":{"uv":[8,4,9,5.5],"texture":"#0"},"west":{"uv":[9,12,9.5,13.5],"texture":"#0"},"up":{"uv":[13.5,1,12.5,0.5],"texture":"#0"},"down":{"uv":[13.5,1,12.5,1.5],"texture":"#0"}}},{"name":"Sprite-0001_4","from":[9,16,0],"to":[10,18,1],"faces":{"north":{"uv":[12.5,1.5,13,2.5],"texture":"#0"},"east":{"uv":[2,12.5,2.5,13.5],"texture":"#0"},"south":{"uv":[2.5,12.5,3,13.5],"texture":"#0"},"west":{"uv":[12.5,2.5,13,3.5],"texture":"#0"},"up":{"uv":[0.5,14,0,13.5],"texture":"#0"},"down":{"uv":[1,13.5,0.5,14],"texture":"#0"}}},{"name":"Sprite-0001_5","from":[8,16,0],"to":[9,17,1],"faces":{"north":{"uv":[13.5,0.5,14,1],"texture":"#0"},"east":{"uv":[1,13.5,1.5,14],"texture":"#0"},"south":{"uv":[13.5,1,14,1.5],"texture":"#0"},"west":{"uv":[1.5,13.5,2,14],"texture":"#0"},"up":{"uv":[14,2,13.5,1.5],"texture":"#0"},"down":{"uv":[2.5,13.5,2,14],"texture":"#0"}}},{"name":"Sprite-0002_0","from":[17,16,0],"to":[18,26,1],"faces":{"north":{"uv":[3.5,5,4,10],"texture":"#0"},"east":{"uv":[3,5.5,3.5,10.5],"texture":"#0"},"south":{"uv":[2.5,6,3,11],"texture":"#0"},"west":{"uv":[6,2.5,6.5,7.5],"texture":"#0"},"up":{"uv":[14,2.5,13.5,2],"texture":"#0"},"down":{"uv":[3,13.5,2.5,14],"texture":"#0"}}},{"name":"Sprite-0002_1","from":[16,16,0],"to":[17,25,1],"faces":{"north":{"uv":[4,6,4.5,10.5],"texture":"#0"},"east":{"uv":[4.5,6,5,10.5],"texture":"#0"},"south":{"uv":[5,6,5.5,10.5],"texture":"#0"},"west":{"uv":[5.5,6,6,10.5],"texture":"#0"},"up":{"uv":[14,3,13.5,2.5],"texture":"#0"},"down":{"uv":[3.5,13.5,3,14],"texture":"#0"}}},{"name":"Sprite-0002_2","from":[18,16,0],"to":[19,25,1],"faces":{"north":{"uv":[2,6.5,2.5,11],"texture":"#0"},"east":{"uv":[6.5,2,7,6.5],"texture":"#0"},"south":{"uv":[6.5,6.5,7,11],"texture":"#0"},"west":{"uv":[1.5,7,2,11.5],"texture":"#0"},"up":{"uv":[14,3.5,13.5,3],"texture":"#0"},"down":{"uv":[4,13.5,3.5,14],"texture":"#0"}}},{"name":"Sprite-0002_3","from":[19,16,0],"to":[20,21,1],"faces":{"north":{"uv":[9,2.5,9.5,5],"texture":"#0"},"east":{"uv":[9,8,9.5,10.5],"texture":"#0"},"south":{"uv":[9.5,1.5,10,4],"texture":"#0"},"west":{"uv":[9.5,4,10,6.5],"texture":"#0"},"up":{"uv":[14,4,13.5,3.5],"texture":"#0"},"down":{"uv":[4.5,13.5,4,14],"texture":"#0"}}},{"name":"Sprite-0002_4","from":[20,16,0],"to":[21,20,1],"faces":{"north":{"uv":[10,3.5,10.5,5.5],"texture":"#0"},"east":{"uv":[10,8,10.5,10],"texture":"#0"},"south":{"uv":[9.5,10,10,12],"texture":"#0"},"west":{"uv":[10,10,10.5,12],"texture":"#0"},"up":{"uv":[14,4.5,13.5,4],"texture":"#0"},"down":{"uv":[5,13.5,4.5,14],"texture":"#0"}}},{"name":"Sprite-0002_5","from":[21,16,0],"to":[25,19,1],"faces":{"north":{"uv":[0,4,2,5.5],"texture":"#0"},"east":{"uv":[12,9,12.5,10.5],"texture":"#0"},"south":{"uv":[4,4.5,6,6],"texture":"#0"},"west":{"uv":[9.5,12,10,13.5],"texture":"#0"},"up":{"uv":[12,6,10,5.5],"texture":"#0"},"down":{"uv":[12,6,10,6.5],"texture":"#0"}}},{"name":"Sprite-0002_6","from":[25,17,0],"to":[26,18,1],"faces":{"north":{"uv":[13.5,4.5,14,5],"texture":"#0"},"east":{"uv":[5,13.5,5.5,14],"texture":"#0"},"south":{"uv":[13.5,5,14,5.5],"texture":"#0"},"west":{"uv":[5.5,13.5,6,14],"texture":"#0"},"up":{"uv":[14,6,13.5,5.5],"texture":"#0"},"down":{"uv":[6.5,13.5,6,14],"texture":"#0"}}},{"name":"Sprite-0004_0","from":[16,12,0],"to":[21,16,1],"faces":{"north":{"uv":[0,0,2.5,2],"texture":"#0"},"east":{"uv":[0.5,10.5,1,12.5],"texture":"#0"},"south":{"uv":[0,2,2.5,4],"texture":"#0"},"west":{"uv":[10.5,1.5,11,3.5],"texture":"#0"},"up":{"uv":[12,7,9.5,6.5],"texture":"#0"},"down":{"uv":[12,7,9.5,7.5],"texture":"#0"}}},{"name":"Sprite-0004_1","from":[21,15,0],"to":[24,16,1],"faces":{"north":{"uv":[10.5,5,12,5.5],"texture":"#0"},"east":{"uv":[13.5,6,14,6.5],"texture":"#0"},"south":{"uv":[12,10.5,13.5,11],"texture":"#0"},"west":{"uv":[6.5,13.5,7,14],"texture":"#0"},"up":{"uv":[12.5,12.5,11,12],"texture":"#0"},"down":{"uv":[13.5,11,12,11.5],"texture":"#0"}}},{"name":"Sprite-0004_2","from":[21,13,0],"to":[22,15,1],"faces":{"north":{"uv":[12.5,3.5,13,4.5],"texture":"#0"},"east":{"uv":[12.5,4.5,13,5.5],"texture":"#0"},"south":{"uv":[12.5,5.5,13,6.5],"texture":"#0"},"west":{"uv":[6.5,12.5,7,13.5],"texture":"#0"},"up":{"uv":[14,7,13.5,6.5],"texture":"#0"},"down":{"uv":[7.5,13.5,7,14],"texture":"#0"}}},{"name":"Sprite-0004_3","from":[16,10,0],"to":[19,12,1],"faces":{"north":{"uv":[8,5.5,9.5,6.5],"texture":"#0"},"east":{"uv":[12.5,6.5,13,7.5],"texture":"#0"},"south":{"uv":[8,6.5,9.5,7.5],"texture":"#0"},"west":{"uv":[12.5,7.5,13,8.5],"texture":"#0"},"up":{"uv":[13.5,12,12,11.5],"texture":"#0"},"down":{"uv":[14,0,12.5,0.5],"texture":"#0"}}},{"name":"Sprite-0004_4","from":[16,9,0],"to":[18,10,1],"faces":{"north":{"uv":[12.5,8.5,13.5,9],"texture":"#0"},"east":{"uv":[13.5,7,14,7.5],"texture":"#0"},"south":{"uv":[12.5,9,13.5,9.5],"texture":"#0"},"west":{"uv":[7.5,13.5,8,14],"texture":"#0"},"up":{"uv":[13.5,10,12.5,9.5],"texture":"#0"},"down":{"uv":[13.5,10,12.5,10.5],"texture":"#0"}}},{"name":"Sprite-0004_5","from":[16,8,0],"to":[17,9,1],"faces":{"north":{"uv":[13.5,7.5,14,8],"texture":"#0"},"east":{"uv":[8,13.5,8.5,14],"texture":"#0"},"south":{"uv":[13.5,8,14,8.5],"texture":"#0"},"west":{"uv":[8.5,13.5,9,14],"texture":"#0"},"up":{"uv":[14,9,13.5,8.5],"texture":"#0"},"down":{"uv":[9.5,13.5,9,14],"texture":"#0"}}}],"gui_light":"front","display":{"thirdperson_righthand":{"rotation":[0,-90,50],"translation":[-7.5,2.75,2.5]},"thirdperson_lefthand":{"rotation":[0,90,-50],"translation":[7.5,2.75,2.5]},"firstperson_righthand":{"rotation":[0,-90,35],"translation":[-6.5,-0.25,-2.5]},"firstperson_lefthand":{"rotation":[0,90,-35],"translation":[6.5,-0.25,-2.5]},"ground":{"translation":[0,0,7]},"gui":{"translation":[-3.25,-3.25,1],"scale":[0.6,0.6,1]},"fixed":{"translation":[-3.25,-3.25,8.25]}}}