{"credit":"Made with Blockbench","texture_size":[32,32],"textures":{"4":"outmodedpvp_weapons:mediaeval_weapons/flanged_war_hammer"},"elements":[{"name":"flanged_war_hammer-exporetq_0","from":[14,14,0],"to":[16,16,1],"faces":{"north":{"uv":[8,8,9,9],"texture":"#4"},"east":{"uv":[7.5,8,8,9],"texture":"#4"},"south":{"uv":[9.5,8,10.5,9],"texture":"#4"},"west":{"uv":[9,8,9.5,9],"texture":"#4"},"up":{"uv":[9,8,8,7.5],"texture":"#4"},"down":{"uv":[10,7.5,9,8],"texture":"#4"}}},{"name":"flanged_war_hammer-exporetq_1","from":[13,12,0],"to":[14,15,1],"faces":{"north":{"uv":[11,9.5,10.5,11],"texture":"#4"},"east":{"uv":[15,9.5,15.5,11],"texture":"#4"},"south":{"uv":[15,7,15.5,8.5],"texture":"#4"},"west":{"uv":[15,4.5,15.5,6],"texture":"#4"},"up":{"uv":[14.5,3,15,3.5],"texture":"#4"},"down":{"uv":[7,10.5,7.5,11],"texture":"#4"}}},{"name":"flanged_war_hammer-exporetq_2","from":[12,11,0],"to":[13,14,1],"faces":{"north":{"uv":[6.5,1,6,2.5],"texture":"#4"},"east":{"uv":[6,1,6.5,2.5],"texture":"#4"},"south":{"uv":[6,1,6.5,2.5],"texture":"#4"},"west":{"uv":[6,1,6.5,2.5],"texture":"#4"},"up":{"uv":[6,1,6.5,1.5],"texture":"#4"},"down":{"uv":[6,2,6.5,2.5],"texture":"#4"}}},{"name":"flanged_war_hammer-exporetq_3","from":[14,13,0],"to":[15,14,1],"faces":{"north":{"uv":[12.5,2,12,2.5],"texture":"#4"},"east":{"uv":[12.5,2,13,2.5],"texture":"#4"},"south":{"uv":[12.5,1.5,13,2],"texture":"#4"},"west":{"uv":[12,1.5,12.5,2],"texture":"#4"},"up":{"uv":[12.5,1,13,1.5],"texture":"#4"},"down":{"uv":[12.5,0.5,13,1],"texture":"#4"}}},{"name":"flanged_war_hammer-exporetq_4","from":[11,10,0],"to":[12,13,1],"faces":{"north":{"uv":[6,1.5,5.5,3],"texture":"#4"},"east":{"uv":[5.5,1.5,6,3],"texture":"#4"},"south":{"uv":[5.5,1.5,6,3],"texture":"#4"},"west":{"uv":[5.5,1.5,6,3],"texture":"#4"},"up":{"uv":[5.5,1.5,6,2],"texture":"#4"},"down":{"uv":[5.5,2.5,6,3],"texture":"#4"}}},{"name":"flanged_war_hammer-exporetq_5","from":[10,9,0],"to":[11,12,1],"faces":{"north":{"uv":[9.5,11,9,12.5],"texture":"#4"},"east":{"uv":[13.5,11,14,12.5],"texture":"#4"},"south":{"uv":[13.5,8.5,14,10],"texture":"#4"},"west":{"uv":[13.5,6,14,7.5],"texture":"#4"},"up":{"uv":[13,4.5,13.5,5],"texture":"#4"},"down":{"uv":[5.5,12,6,12.5],"texture":"#4"}}},{"name":"flanged_war_hammer-exporetq_6","from":[9,8,0],"to":[10,11,1],"faces":{"north":{"uv":[9,11.5,8.5,13],"texture":"#4"},"east":{"uv":[13,11.5,13.5,13],"texture":"#4"},"south":{"uv":[13,9,13.5,10.5],"texture":"#4"},"west":{"uv":[13,6.5,13.5,8],"texture":"#4"},"up":{"uv":[12.5,5,13,5.5],"texture":"#4"},"down":{"uv":[5,12.5,5.5,13],"texture":"#4"}}},{"name":"flanged_war_hammer-exporetq_7","from":[8,7,0],"to":[9,10,1],"faces":{"north":{"uv":[8.5,12,8,13.5],"texture":"#4"},"east":{"uv":[12.5,12,13,13.5],"texture":"#4"},"south":{"uv":[12.5,9.5,13,11],"texture":"#4"},"west":{"uv":[12.5,7,13,8.5],"texture":"#4"},"up":{"uv":[12,5.5,12.5,6],"texture":"#4"},"down":{"uv":[4.5,13,5,13.5],"texture":"#4"}}},{"name":"flanged_war_hammer-exporetq_8","from":[7,6,0],"to":[8,9,1],"faces":{"north":{"uv":[4,3.5,3.5,5],"texture":"#4"},"east":{"uv":[3.5,3.5,4,5],"texture":"#4"},"south":{"uv":[3.5,3.5,4,5],"texture":"#4"},"west":{"uv":[3.5,3.5,4,5],"texture":"#4"},"up":{"uv":[3.5,3.5,4,4],"texture":"#4"},"down":{"uv":[3.5,4.5,4,5],"texture":"#4"}}},{"name":"flanged_war_hammer-exporetq_9","from":[6,5,0],"to":[7,8,1],"faces":{"north":{"uv":[3.5,4,3,5.5],"texture":"#4"},"east":{"uv":[3,4,3.5,5.5],"texture":"#4"},"south":{"uv":[3,4,3.5,5.5],"texture":"#4"},"west":{"uv":[3,4,3.5,5.5],"texture":"#4"},"up":{"uv":[3,4,3.5,4.5],"texture":"#4"},"down":{"uv":[3,5,3.5,5.5],"texture":"#4"}}},{"name":"flanged_war_hammer-exporetq_10","from":[5,4,0],"to":[6,7,1],"faces":{"north":{"uv":[3,4.5,2.5,6],"texture":"#4"},"east":{"uv":[2.5,4.5,3,6],"texture":"#4"},"south":{"uv":[2.5,4.5,3,6],"texture":"#4"},"west":{"uv":[2.5,4.5,3,6],"texture":"#4"},"up":{"uv":[2.5,4.5,3,5],"texture":"#4"},"down":{"uv":[2.5,5.5,3,6],"texture":"#4"}}},{"name":"flanged_war_hammer-exporetq_11","from":[4,3,0],"to":[5,6,1],"faces":{"north":{"uv":[2.5,5,2,6.5],"texture":"#4"},"east":{"uv":[2,5,2.5,6.5],"texture":"#4"},"south":{"uv":[2,5,2.5,6.5],"texture":"#4"},"west":{"uv":[2,5,2.5,6.5],"texture":"#4"},"up":{"uv":[2,5,2.5,5.5],"texture":"#4"},"down":{"uv":[2,6,2.5,6.5],"texture":"#4"}}},{"name":"flanged_war_hammer-exporetq_12","from":[3,2,0],"to":[4,5,1],"faces":{"north":{"uv":[2,5.5,1.5,7],"texture":"#4"},"east":{"uv":[1.5,5.5,2,7],"texture":"#4"},"south":{"uv":[1.5,5.5,2,7],"texture":"#4"},"west":{"uv":[1.5,5.5,2,7],"texture":"#4"},"up":{"uv":[1.5,5.5,2,6],"texture":"#4"},"down":{"uv":[1.5,6.5,2,7],"texture":"#4"}}},{"name":"flanged_war_hammer-exporetq_13","from":[2,1,0],"to":[3,4,1],"faces":{"north":{"uv":[1.5,6,1,7.5],"texture":"#4"},"east":{"uv":[1,6,1.5,7.5],"texture":"#4"},"south":{"uv":[1,6,1.5,7.5],"texture":"#4"},"west":{"uv":[1,6,1.5,7.5],"texture":"#4"},"up":{"uv":[1,6,1.5,6.5],"texture":"#4"},"down":{"uv":[1,7,1.5,7.5],"texture":"#4"}}},{"name":"flanged_war_hammer-exporetq_14","from":[1,0,0],"to":[2,3,1],"faces":{"north":{"uv":[1,6.5,0.5,8],"texture":"#4"},"east":{"uv":[0.5,6.5,1,8],"texture":"#4"},"south":{"uv":[0.5,6.5,1,8],"texture":"#4"},"west":{"uv":[0.5,6.5,1,8],"texture":"#4"},"up":{"uv":[0.5,6.5,1,7],"texture":"#4"},"down":{"uv":[0.5,7.5,1,8],"texture":"#4"}}},{"name":"flanged_war_hammer-exporetq_15","from":[0,0,0],"to":[1,2,1],"faces":{"north":{"uv":[0.5,7,0,8],"texture":"#4"},"east":{"uv":[0,7,0.5,8],"texture":"#4"},"south":{"uv":[0,7,0.5,8],"texture":"#4"},"west":{"uv":[0,7,0.5,8],"texture":"#4"},"up":{"uv":[0,7,0.5,7.5],"texture":"#4"},"down":{"uv":[0,7.5,0.5,8],"texture":"#4"}}},{"name":"Sprite-0012_0","from":[16,15,0],"to":[17,16,1],"faces":{"north":{"uv":[0.5,0,0,0.5],"texture":"#4"},"east":{"uv":[0,0,0.5,0.5],"texture":"#4"},"south":{"uv":[0,0,0.5,0.5],"texture":"#4"},"west":{"uv":[0,0,0.5,0.5],"texture":"#4"},"up":{"uv":[0,0,0.5,0.5],"texture":"#4"},"down":{"uv":[0,0,0.5,0.5],"texture":"#4"}}},{"name":"flanged_war_hammer-experetq_0","from":[15,16,0],"to":[16,17,1],"faces":{"north":{"uv":[8,7.5,7.5,8],"texture":"#4"},"east":{"uv":[7.5,7.5,8,8],"texture":"#4"},"south":{"uv":[7.5,7.5,8,8],"texture":"#4"},"west":{"uv":[7.5,7.5,8,8],"texture":"#4"},"up":{"uv":[7.5,7.5,8,8],"texture":"#4"},"down":{"uv":[7.5,7.5,8,8],"texture":"#4"}}},{"name":"flanged_war_hammer-export_0","from":[23,23,0],"to":[25,32,1],"faces":{"north":{"uv":[3.5,5.5,4.5,10],"texture":"#4"},"east":{"uv":[3,5.5,3.5,10],"texture":"#4"},"south":{"uv":[5,5.5,6,10],"texture":"#4"},"west":{"uv":[4.5,5.5,5,10],"texture":"#4"},"up":{"uv":[4.5,5.5,3.5,5],"texture":"#4"},"down":{"uv":[5.5,5,4.5,5.5],"texture":"#4"}}},{"name":"flanged_war_hammer-export_1","from":[22,25,0],"to":[23,31,1],"faces":{"north":{"uv":[3.5,0.5,3,3.5],"texture":"#4"},"east":{"uv":[3,0.5,3.5,3.5],"texture":"#4"},"south":{"uv":[3,0.5,3.5,3.5],"texture":"#4"},"west":{"uv":[3,0.5,3.5,3.5],"texture":"#4"},"up":{"uv":[3,0.5,3.5,1],"texture":"#4"},"down":{"uv":[3,3,3.5,3.5],"texture":"#4"}}},{"name":"flanged_war_hammer-export_2","from":[25,23,0],"to":[26,31,1],"faces":{"north":{"uv":[7,0.5,7.5,4.5],"texture":"#4"},"east":{"uv":[6.5,0.5,7,4.5],"texture":"#4"},"south":{"uv":[8,0.5,8.5,4.5],"texture":"#4"},"west":{"uv":[7.5,0.5,8,4.5],"texture":"#4"},"up":{"uv":[7.5,0.5,7,0],"texture":"#4"},"down":{"uv":[8,0,7.5,0.5],"texture":"#4"}}},{"name":"flanged_war_hammer-export_3","from":[21,24,0],"to":[22,30,1],"faces":{"north":{"uv":[1.5,7.5,2,10.5],"texture":"#4"},"east":{"uv":[1,7.5,1.5,10.5],"texture":"#4"},"south":{"uv":[2.5,7.5,3,10.5],"texture":"#4"},"west":{"uv":[2,7.5,2.5,10.5],"texture":"#4"},"up":{"uv":[2,7.5,1.5,7],"texture":"#4"},"down":{"uv":[2.5,7,2,7.5],"texture":"#4"}}},{"name":"flanged_war_hammer-export_4","from":[26,29,0],"to":[27,30,1],"faces":{"north":{"uv":[5.5,1,5,1.5],"texture":"#4"},"east":{"uv":[5,1,5.5,1.5],"texture":"#4"},"south":{"uv":[5,1,5.5,1.5],"texture":"#4"},"west":{"uv":[5,1,5.5,1.5],"texture":"#4"},"up":{"uv":[5,1,5.5,1.5],"texture":"#4"},"down":{"uv":[5,1,5.5,1.5],"texture":"#4"}}},{"name":"flanged_war_hammer-export_5","from":[20,25,0],"to":[21,29,1],"faces":{"north":{"uv":[2.5,1.5,2,3.5],"texture":"#4"},"east":{"uv":[2,1.5,2.5,3.5],"texture":"#4"},"south":{"uv":[2,1.5,2.5,3.5],"texture":"#4"},"west":{"uv":[2,1.5,2.5,3.5],"texture":"#4"},"up":{"uv":[2,1.5,2.5,2],"texture":"#4"},"down":{"uv":[2,3,2.5,3.5],"texture":"#4"}}},{"name":"flanged_war_hammer-export_6","from":[19,26,0],"to":[20,28,1],"faces":{"north":{"uv":[2,2,1.5,3],"texture":"#4"},"east":{"uv":[1.5,2,2,3],"texture":"#4"},"south":{"uv":[1.5,2,2,3],"texture":"#4"},"west":{"uv":[1.5,2,2,3],"texture":"#4"},"up":{"uv":[1.5,2,2,2.5],"texture":"#4"},"down":{"uv":[1.5,2.5,2,3],"texture":"#4"}}},{"name":"flanged_war_hammer-export_7","from":[26,27,0],"to":[27,28,1],"faces":{"north":{"uv":[5.5,2,5,2.5],"texture":"#4"},"east":{"uv":[5,2,5.5,2.5],"texture":"#4"},"south":{"uv":[5,2,5.5,2.5],"texture":"#4"},"west":{"uv":[5,2,5.5,2.5],"texture":"#4"},"up":{"uv":[5,2,5.5,2.5],"texture":"#4"},"down":{"uv":[5,2,5.5,2.5],"texture":"#4"}}},{"name":"flanged_war_hammer-export_7","from":[26,26,0],"to":[27,27,1],"faces":{"north":{"uv":[7.5,7,8,7.5],"texture":"#4"},"east":{"uv":[7,7,7.5,7.5],"texture":"#4"},"south":{"uv":[8.5,7,9,7.5],"texture":"#4"},"west":{"uv":[8,7,8.5,7.5],"texture":"#4"},"up":{"uv":[8,7,7.5,6.5],"texture":"#4"},"down":{"uv":[8.5,6.5,8,7],"texture":"#4"}}},{"name":"flanged_war_hammer-export_8","from":[26,23,0],"to":[28,26,1],"faces":{"north":{"uv":[8,5,9,6.5],"texture":"#4"},"east":{"uv":[7.5,5,8,6.5],"texture":"#4"},"south":{"uv":[9.5,5,10.5,6.5],"texture":"#4"},"west":{"uv":[9,5,9.5,6.5],"texture":"#4"},"up":{"uv":[9,5,8,4.5],"texture":"#4"},"down":{"uv":[10,4.5,9,5],"texture":"#4"}}},{"name":"flanged_war_hammer-export_9","from":[28,21,0],"to":[29,25,1],"faces":{"north":{"uv":[6.5,3.5,6,5.5],"texture":"#4"},"east":{"uv":[6,3.5,6.5,5.5],"texture":"#4"},"south":{"uv":[6,3.5,6.5,5.5],"texture":"#4"},"west":{"uv":[6,3.5,6.5,5.5],"texture":"#4"},"up":{"uv":[6,3.5,6.5,4],"texture":"#4"},"down":{"uv":[6,5,6.5,5.5],"texture":"#4"}}},{"name":"flanged_war_hammer-export_10","from":[22,21,0],"to":[23,24,1],"faces":{"north":{"uv":[3.5,4,3,5.5],"texture":"#4"},"east":{"uv":[3,4,3.5,5.5],"texture":"#4"},"south":{"uv":[3,4,3.5,5.5],"texture":"#4"},"west":{"uv":[3,4,3.5,5.5],"texture":"#4"},"up":{"uv":[3,4,3.5,4.5],"texture":"#4"},"down":{"uv":[3,5,3.5,5.5],"texture":"#4"}}},{"name":"flanged_war_hammer-export_11","from":[21,20,0],"to":[22,23,1],"faces":{"north":{"uv":[3,4.5,2.5,6],"texture":"#4"},"east":{"uv":[2.5,4.5,3,6],"texture":"#4"},"south":{"uv":[2.5,4.5,3,6],"texture":"#4"},"west":{"uv":[2.5,4.5,3,6],"texture":"#4"},"up":{"uv":[2.5,4.5,3,5],"texture":"#4"},"down":{"uv":[2.5,5.5,3,6],"texture":"#4"}}},{"name":"flanged_war_hammer-export_12","from":[23,22,0],"to":[24,23,1],"faces":{"north":{"uv":[4,4.5,3.5,5],"texture":"#4"},"east":{"uv":[3.5,4.5,4,5],"texture":"#4"},"south":{"uv":[3.5,4.5,4,5],"texture":"#4"},"west":{"uv":[3.5,4.5,4,5],"texture":"#4"},"up":{"uv":[3.5,4.5,4,5],"texture":"#4"},"down":{"uv":[3.5,4.5,4,5],"texture":"#4"}}},{"name":"flanged_war_hammer-export_13","from":[27,22,0],"to":[28,23,1],"faces":{"north":{"uv":[6,4.5,5.5,5],"texture":"#4"},"east":{"uv":[5.5,4.5,6,5],"texture":"#4"},"south":{"uv":[5.5,4.5,6,5],"texture":"#4"},"west":{"uv":[5.5,4.5,6,5],"texture":"#4"},"up":{"uv":[5.5,4.5,6,5],"texture":"#4"},"down":{"uv":[5.5,4.5,6,5],"texture":"#4"}}},{"name":"flanged_war_hammer-export_14","from":[29,19,0],"to":[30,23,1],"faces":{"north":{"uv":[0.5,3,1,5],"texture":"#4"},"east":{"uv":[0,3,0.5,5],"texture":"#4"},"south":{"uv":[1.5,3,2,5],"texture":"#4"},"west":{"uv":[1,3,1.5,5],"texture":"#4"},"up":{"uv":[1,3,0.5,2.5],"texture":"#4"},"down":{"uv":[1.5,2.5,1,3],"texture":"#4"}}},{"name":"flanged_war_hammer-export_15","from":[20,19,0],"to":[21,22,1],"faces":{"north":{"uv":[2.5,5,2,6.5],"texture":"#4"},"east":{"uv":[2,5,2.5,6.5],"texture":"#4"},"south":{"uv":[2,5,2.5,6.5],"texture":"#4"},"west":{"uv":[2,5,2.5,6.5],"texture":"#4"},"up":{"uv":[2,5,2.5,5.5],"texture":"#4"},"down":{"uv":[2,6,2.5,6.5],"texture":"#4"}}},{"name":"flanged_war_hammer-export_16","from":[19,18,0],"to":[20,21,1],"faces":{"north":{"uv":[2,5.5,1.5,7],"texture":"#4"},"east":{"uv":[1.5,5.5,2,7],"texture":"#4"},"south":{"uv":[1.5,5.5,2,7],"texture":"#4"},"west":{"uv":[1.5,5.5,2,7],"texture":"#4"},"up":{"uv":[1.5,5.5,2,6],"texture":"#4"},"down":{"uv":[1.5,6.5,2,7],"texture":"#4"}}},{"name":"flanged_war_hammer-export_17","from":[30,18,0],"to":[31,21,1],"faces":{"north":{"uv":[7.5,5.5,7,7],"texture":"#4"},"east":{"uv":[7,5.5,7.5,7],"texture":"#4"},"south":{"uv":[7,5.5,7.5,7],"texture":"#4"},"west":{"uv":[7,5.5,7.5,7],"texture":"#4"},"up":{"uv":[7,5.5,7.5,6],"texture":"#4"},"down":{"uv":[7,6.5,7.5,7],"texture":"#4"}}},{"name":"flanged_war_hammer-export_18","from":[18,17,0],"to":[19,20,1],"faces":{"north":{"uv":[1.5,6,1,7.5],"texture":"#4"},"east":{"uv":[1,6,1.5,7.5],"texture":"#4"},"south":{"uv":[1,6,1.5,7.5],"texture":"#4"},"west":{"uv":[1,6,1.5,7.5],"texture":"#4"},"up":{"uv":[1,6,1.5,6.5],"texture":"#4"},"down":{"uv":[1,7,1.5,7.5],"texture":"#4"}}},{"name":"flanged_war_hammer-export_19","from":[17,16,0],"to":[18,19,1],"faces":{"north":{"uv":[0.5,0.5,1,2],"texture":"#4"},"east":{"uv":[0,0.5,0.5,2],"texture":"#4"},"south":{"uv":[1.5,0.5,2,2],"texture":"#4"},"west":{"uv":[1,0.5,1.5,2],"texture":"#4"},"up":{"uv":[1,0.5,0.5,0],"texture":"#4"},"down":{"uv":[1.5,0,1,0.5],"texture":"#4"}}},{"name":"flanged_war_hammer-export_20","from":[16,16,0],"to":[17,18,1],"faces":{"north":{"uv":[9,0.5,9.5,1.5],"texture":"#4"},"east":{"uv":[8.5,0.5,9,1.5],"texture":"#4"},"south":{"uv":[10,0.5,10.5,1.5],"texture":"#4"},"west":{"uv":[9.5,0.5,10,1.5],"texture":"#4"},"up":{"uv":[9.5,0.5,9,0],"texture":"#4"},"down":{"uv":[10,0,9.5,0.5],"texture":"#4"}}}],"gui_light":"front","display":{"thirdperson_righthand":{"rotation":[0,-90,50],"translation":[-7.5,-6.5,2.5]},"thirdperson_lefthand":{"rotation":[0,90,-50],"translation":[7.5,-6.5,2.5]},"firstperson_righthand":{"rotation":[12,-90,58],"translation":[-6.5,-5.5,-2.5]},"firstperson_lefthand":{"rotation":[-12,90,-35],"translation":[6.5,-5.5,-2.5]},"ground":{"translation":[0,0,7]},"gui":{"translation":[-4,-4,1],"scale":[0.5,0.5,1]},"fixed":{"translation":[-7,-7,7]}}}