{
	"credit": "Made with Blockbench",
	"texture_size": [32, 32],
	"textures": {
		"4": "outmodedpvp_weapons:mediaeval_weapons/katana"
	},
	"elements": [
		{
			"name": "katana-expo12rt_0",
			"from": [13, 14, 0],
			"to": [16, 16, 1],
			"faces": {
				"north": {"uv": [8, 0, 6.5, 1], "texture": "#4"},
				"east": {"uv": [7.5, 0, 8, 1], "texture": "#4"},
				"south": {"uv": [6.5, 0, 8, 1], "texture": "#4"},
				"west": {"uv": [6.5, 0, 7, 1], "texture": "#4"},
				"up": {"uv": [6.5, 0, 8, 0.5], "texture": "#4"},
				"down": {"uv": [6.5, 0.5, 8, 1], "texture": "#4"}
			}
		},
		{
			"name": "katana-expo12rt_1",
			"from": [12, 11, 0],
			"to": [13, 15, 1],
			"faces": {
				"north": {"uv": [6.5, 0.5, 6, 2.5], "texture": "#4"},
				"east": {"uv": [6, 0.5, 6.5, 2.5], "texture": "#4"},
				"south": {"uv": [6, 0.5, 6.5, 2.5], "texture": "#4"},
				"west": {"uv": [6, 0.5, 6.5, 2.5], "texture": "#4"},
				"up": {"uv": [6, 0.5, 6.5, 1], "texture": "#4"},
				"down": {"uv": [6, 2, 6.5, 2.5], "texture": "#4"}
			}
		},
		{
			"name": "katana-expo12rt_2",
			"from": [11, 10, 0],
			"to": [12, 14, 1],
			"faces": {
				"north": {"uv": [6, 1, 5.5, 3], "texture": "#4"},
				"east": {"uv": [5.5, 1, 6, 3], "texture": "#4"},
				"south": {"uv": [5.5, 1, 6, 3], "texture": "#4"},
				"west": {"uv": [5.5, 1, 6, 3], "texture": "#4"},
				"up": {"uv": [5.5, 1, 6, 1.5], "texture": "#4"},
				"down": {"uv": [5.5, 2.5, 6, 3], "texture": "#4"}
			}
		},
		{
			"name": "katana-expo12rt_3",
			"from": [13, 13, 0],
			"to": [15, 14, 1],
			"faces": {
				"north": {"uv": [7.5, 1, 6.5, 1.5], "texture": "#4"},
				"east": {"uv": [7, 1, 7.5, 1.5], "texture": "#4"},
				"south": {"uv": [6.5, 1, 7.5, 1.5], "texture": "#4"},
				"west": {"uv": [6.5, 1, 7, 1.5], "texture": "#4"},
				"up": {"uv": [6.5, 1, 7.5, 1.5], "texture": "#4"},
				"down": {"uv": [6.5, 1, 7.5, 1.5], "texture": "#4"}
			}
		},
		{
			"name": "katana-expo12rt_4",
			"from": [10, 9, 0],
			"to": [11, 13, 1],
			"faces": {
				"north": {"uv": [5.5, 1.5, 5, 3.5], "texture": "#4"},
				"east": {"uv": [5, 1.5, 5.5, 3.5], "texture": "#4"},
				"south": {"uv": [5, 1.5, 5.5, 3.5], "texture": "#4"},
				"west": {"uv": [5, 1.5, 5.5, 3.5], "texture": "#4"},
				"up": {"uv": [5, 1.5, 5.5, 2], "texture": "#4"},
				"down": {"uv": [5, 3, 5.5, 3.5], "texture": "#4"}
			}
		},
		{
			"name": "katana-expo12rt_5",
			"from": [13, 12, 0],
			"to": [14, 13, 1],
			"faces": {
				"north": {"uv": [7, 1.5, 6.5, 2], "texture": "#4"},
				"east": {"uv": [6.5, 1.5, 7, 2], "texture": "#4"},
				"south": {"uv": [6.5, 1.5, 7, 2], "texture": "#4"},
				"west": {"uv": [6.5, 1.5, 7, 2], "texture": "#4"},
				"up": {"uv": [6.5, 1.5, 7, 2], "texture": "#4"},
				"down": {"uv": [6.5, 1.5, 7, 2], "texture": "#4"}
			}
		},
		{
			"name": "katana-expo12rt_6",
			"from": [9, 8, 0],
			"to": [10, 12, 1],
			"faces": {
				"north": {"uv": [5, 2, 4.5, 4], "texture": "#4"},
				"east": {"uv": [4.5, 2, 5, 4], "texture": "#4"},
				"south": {"uv": [4.5, 2, 5, 4], "texture": "#4"},
				"west": {"uv": [4.5, 2, 5, 4], "texture": "#4"},
				"up": {"uv": [4.5, 2, 5, 2.5], "texture": "#4"},
				"down": {"uv": [4.5, 3.5, 5, 4], "texture": "#4"}
			}
		},
		{
			"name": "katana-expo12rt_7",
			"from": [8, 7, 0],
			"to": [9, 11, 1],
			"faces": {
				"north": {"uv": [4.5, 2.5, 4, 4.5], "texture": "#4"},
				"east": {"uv": [4, 2.5, 4.5, 4.5], "texture": "#4"},
				"south": {"uv": [4, 2.5, 4.5, 4.5], "texture": "#4"},
				"west": {"uv": [4, 2.5, 4.5, 4.5], "texture": "#4"},
				"up": {"uv": [4, 2.5, 4.5, 3], "texture": "#4"},
				"down": {"uv": [4, 4, 4.5, 4.5], "texture": "#4"}
			}
		},
		{
			"name": "katana-expo12rt_8",
			"from": [7, 5, 0],
			"to": [8, 10, 1],
			"faces": {
				"north": {"uv": [4, 3, 3.5, 5.5], "texture": "#4"},
				"east": {"uv": [3.5, 3, 4, 5.5], "texture": "#4"},
				"south": {"uv": [3.5, 3, 4, 5.5], "texture": "#4"},
				"west": {"uv": [3.5, 3, 4, 5.5], "texture": "#4"},
				"up": {"uv": [3.5, 3, 4, 3.5], "texture": "#4"},
				"down": {"uv": [3.5, 5, 4, 5.5], "texture": "#4"}
			}
		},
		{
			"name": "katana-expo12rt_9",
			"from": [6, 2, 0],
			"to": [7, 9, 1],
			"faces": {
				"north": {"uv": [3.5, 3.5, 3, 7], "texture": "#4"},
				"east": {"uv": [3, 3.5, 3.5, 7], "texture": "#4"},
				"south": {"uv": [3, 3.5, 3.5, 7], "texture": "#4"},
				"west": {"uv": [3, 3.5, 3.5, 7], "texture": "#4"},
				"up": {"uv": [3, 3.5, 3.5, 4], "texture": "#4"},
				"down": {"uv": [3, 6.5, 3.5, 7], "texture": "#4"}
			}
		},
		{
			"name": "katana-expo12rt_10",
			"from": [5, 4, 0],
			"to": [6, 8, 1],
			"faces": {
				"north": {"uv": [3, 4, 2.5, 6], "texture": "#4"},
				"east": {"uv": [2.5, 4, 3, 6], "texture": "#4"},
				"south": {"uv": [2.5, 4, 3, 6], "texture": "#4"},
				"west": {"uv": [2.5, 4, 3, 6], "texture": "#4"},
				"up": {"uv": [2.5, 4, 3, 4.5], "texture": "#4"},
				"down": {"uv": [2.5, 5.5, 3, 6], "texture": "#4"}
			}
		},
		{
			"name": "katana-expo12rt_11",
			"from": [4, 3, 0],
			"to": [5, 7, 1],
			"faces": {
				"north": {"uv": [2.5, 4.5, 2, 6.5], "texture": "#4"},
				"east": {"uv": [2, 4.5, 2.5, 6.5], "texture": "#4"},
				"south": {"uv": [2, 4.5, 2.5, 6.5], "texture": "#4"},
				"west": {"uv": [2, 4.5, 2.5, 6.5], "texture": "#4"},
				"up": {"uv": [2, 4.5, 2.5, 5], "texture": "#4"},
				"down": {"uv": [2, 6, 2.5, 6.5], "texture": "#4"}
			}
		},
		{
			"name": "katana-expo12rt_12",
			"from": [3, 2, 0],
			"to": [4, 5, 1],
			"faces": {
				"north": {"uv": [2, 5.5, 1.5, 7], "texture": "#4"},
				"east": {"uv": [1.5, 5.5, 2, 7], "texture": "#4"},
				"south": {"uv": [1.5, 5.5, 2, 7], "texture": "#4"},
				"west": {"uv": [1.5, 5.5, 2, 7], "texture": "#4"},
				"up": {"uv": [1.5, 5.5, 2, 6], "texture": "#4"},
				"down": {"uv": [1.5, 6.5, 2, 7], "texture": "#4"}
			}
		},
		{
			"name": "katana-expo12rt_13",
			"from": [2, 1, 0],
			"to": [3, 4, 1],
			"faces": {
				"north": {"uv": [1.5, 6, 1, 7.5], "texture": "#4"},
				"east": {"uv": [1, 6, 1.5, 7.5], "texture": "#4"},
				"south": {"uv": [1, 6, 1.5, 7.5], "texture": "#4"},
				"west": {"uv": [1, 6, 1.5, 7.5], "texture": "#4"},
				"up": {"uv": [1, 6, 1.5, 6.5], "texture": "#4"},
				"down": {"uv": [1, 7, 1.5, 7.5], "texture": "#4"}
			}
		},
		{
			"name": "katana-expo12rt_14",
			"from": [1, 0, 0],
			"to": [2, 3, 1],
			"faces": {
				"north": {"uv": [1, 6.5, 0.5, 8], "texture": "#4"},
				"east": {"uv": [0.5, 6.5, 1, 8], "texture": "#4"},
				"south": {"uv": [0.5, 6.5, 1, 8], "texture": "#4"},
				"west": {"uv": [0.5, 6.5, 1, 8], "texture": "#4"},
				"up": {"uv": [0.5, 6.5, 1, 7], "texture": "#4"},
				"down": {"uv": [0.5, 7.5, 1, 8], "texture": "#4"}
			}
		},
		{
			"name": "katana-expo12rt_15",
			"from": [0, 0, 0],
			"to": [1, 2, 1],
			"faces": {
				"north": {"uv": [0.5, 7, 0, 8], "texture": "#4"},
				"east": {"uv": [0, 7, 0.5, 8], "texture": "#4"},
				"south": {"uv": [0, 7, 0.5, 8], "texture": "#4"},
				"west": {"uv": [0, 7, 0.5, 8], "texture": "#4"},
				"up": {"uv": [0, 7, 0.5, 7.5], "texture": "#4"},
				"down": {"uv": [0, 7.5, 0.5, 8], "texture": "#4"}
			}
		},
		{
			"name": "katana-expeo1112rt_0",
			"from": [16, 15, 0],
			"to": [17, 16, 1],
			"faces": {
				"north": {"uv": [8.5, 0, 8, 0.5], "texture": "#4"},
				"east": {"uv": [8, 0, 8.5, 0.5], "texture": "#4"},
				"south": {"uv": [8, 0, 8.5, 0.5], "texture": "#4"},
				"west": {"uv": [8, 0, 8.5, 0.5], "texture": "#4"},
				"up": {"uv": [8, 0, 8.5, 0.5], "texture": "#4"},
				"down": {"uv": [8, 0, 8.5, 0.5], "texture": "#4"}
			}
		},
		{
			"name": "katana-expeo112rt_0",
			"from": [22, 19, 0],
			"to": [26, 22, 1],
			"faces": {
				"north": {"uv": [5, 13, 3, 14.5], "texture": "#4"},
				"east": {"uv": [4.5, 13, 5, 14.5], "texture": "#4"},
				"south": {"uv": [3, 13, 5, 14.5], "texture": "#4"},
				"west": {"uv": [3, 13, 3.5, 14.5], "texture": "#4"},
				"up": {"uv": [3, 13, 5, 13.5], "texture": "#4"},
				"down": {"uv": [3, 14, 5, 14.5], "texture": "#4"}
			}
		},
		{
			"name": "katana-expeo112rt_1",
			"from": [19, 18, 0],
			"to": [22, 21, 1],
			"faces": {
				"north": {"uv": [3, 13.5, 1.5, 15], "texture": "#4"},
				"east": {"uv": [2.5, 13.5, 3, 15], "texture": "#4"},
				"south": {"uv": [1.5, 13.5, 3, 15], "texture": "#4"},
				"west": {"uv": [1.5, 13.5, 2, 15], "texture": "#4"},
				"up": {"uv": [1.5, 13.5, 3, 14], "texture": "#4"},
				"down": {"uv": [1.5, 14.5, 3, 15], "texture": "#4"}
			}
		},
		{
			"name": "katana-expeo112rt_2",
			"from": [26, 20, 0],
			"to": [27, 21, 1],
			"faces": {
				"north": {"uv": [5.5, 13.5, 5, 14], "texture": "#4"},
				"east": {"uv": [5, 13.5, 5.5, 14], "texture": "#4"},
				"south": {"uv": [5, 13.5, 5.5, 14], "texture": "#4"},
				"west": {"uv": [5, 13.5, 5.5, 14], "texture": "#4"},
				"up": {"uv": [5, 13.5, 5.5, 14], "texture": "#4"},
				"down": {"uv": [5, 13.5, 5.5, 14], "texture": "#4"}
			}
		},
		{
			"name": "katana-expeo112rt_3",
			"from": [17, 17, 0],
			"to": [19, 20, 1],
			"faces": {
				"north": {"uv": [1.5, 14, 0.5, 15.5], "texture": "#4"},
				"east": {"uv": [1, 14, 1.5, 15.5], "texture": "#4"},
				"south": {"uv": [0.5, 14, 1.5, 15.5], "texture": "#4"},
				"west": {"uv": [0.5, 14, 1, 15.5], "texture": "#4"},
				"up": {"uv": [0.5, 14, 1.5, 14.5], "texture": "#4"},
				"down": {"uv": [0.5, 15, 1.5, 15.5], "texture": "#4"}
			}
		},
		{
			"name": "katana-expeo112rt_4",
			"from": [16, 16, 0],
			"to": [17, 19, 1],
			"faces": {
				"north": {"uv": [0.5, 14.5, 0, 16], "texture": "#4"},
				"east": {"uv": [0, 14.5, 0.5, 16], "texture": "#4"},
				"south": {"uv": [0, 14.5, 0.5, 16], "texture": "#4"},
				"west": {"uv": [0, 14.5, 0.5, 16], "texture": "#4"},
				"up": {"uv": [0, 14.5, 0.5, 15], "texture": "#4"},
				"down": {"uv": [0, 15.5, 0.5, 16], "texture": "#4"}
			}
		},
		{
			"name": "katana-expeo112rt_5",
			"from": [22, 18, 0],
			"to": [23, 19, 1],
			"faces": {
				"north": {"uv": [3.5, 14.5, 3, 15], "texture": "#4"},
				"east": {"uv": [3, 14.5, 3.5, 15], "texture": "#4"},
				"south": {"uv": [3, 14.5, 3.5, 15], "texture": "#4"},
				"west": {"uv": [3, 14.5, 3.5, 15], "texture": "#4"},
				"up": {"uv": [3, 14.5, 3.5, 15], "texture": "#4"},
				"down": {"uv": [3, 14.5, 3.5, 15], "texture": "#4"}
			}
		},
		{
			"name": "katana-expeo112rt_6",
			"from": [19, 17, 0],
			"to": [20, 18, 1],
			"faces": {
				"north": {"uv": [2, 15, 1.5, 15.5], "texture": "#4"},
				"east": {"uv": [1.5, 15, 2, 15.5], "texture": "#4"},
				"south": {"uv": [1.5, 15, 2, 15.5], "texture": "#4"},
				"west": {"uv": [1.5, 15, 2, 15.5], "texture": "#4"},
				"up": {"uv": [1.5, 15, 2, 15.5], "texture": "#4"},
				"down": {"uv": [1.5, 15, 2, 15.5], "texture": "#4"}
			}
		},
		{
			"name": "katana-expeo112rt_7",
			"from": [17, 16, 0],
			"to": [18, 17, 1],
			"faces": {
				"north": {"uv": [1, 15.5, 0.5, 16], "texture": "#4"},
				"east": {"uv": [0.5, 15.5, 1, 16], "texture": "#4"},
				"south": {"uv": [0.5, 15.5, 1, 16], "texture": "#4"},
				"west": {"uv": [0.5, 15.5, 1, 16], "texture": "#4"},
				"up": {"uv": [0.5, 15.5, 1, 16], "texture": "#4"},
				"down": {"uv": [0.5, 15.5, 1, 16], "texture": "#4"}
			}
		},
		{
			"name": "katana-expeo12rt_0",
			"from": [15, 16, 0],
			"to": [16, 18, 1],
			"faces": {
				"north": {"uv": [16, 15, 15.5, 16], "texture": "#4"},
				"east": {"uv": [15.5, 15, 16, 16], "texture": "#4"},
				"south": {"uv": [15.5, 15, 16, 16], "texture": "#4"},
				"west": {"uv": [15.5, 15, 16, 16], "texture": "#4"},
				"up": {"uv": [15.5, 15, 16, 15.5], "texture": "#4"},
				"down": {"uv": [15.5, 15.5, 16, 16], "texture": "#4"}
			}
		},
		{
			"name": "katana-expeo12rt_1",
			"from": [14, 16, 0],
			"to": [15, 17, 1],
			"faces": {
				"north": {"uv": [15.5, 15.5, 15, 16], "texture": "#4"},
				"east": {"uv": [15, 15.5, 15.5, 16], "texture": "#4"},
				"south": {"uv": [15, 15.5, 15.5, 16], "texture": "#4"},
				"west": {"uv": [15, 15.5, 15.5, 16], "texture": "#4"},
				"up": {"uv": [15, 15.5, 15.5, 16], "texture": "#4"},
				"down": {"uv": [15, 15.5, 15.5, 16], "texture": "#4"}
			}
		}
	],
	"gui_light": "front",
	"display": {
		"thirdperson_righthand": {
			"rotation": [0, -90, 50],
			"translation": [-7.5, 6, 2.5]
		},
		"thirdperson_lefthand": {
			"rotation": [0, 90, -50],
			"translation": [7.5, 6, 2.5]
		},
		"firstperson_righthand": {
			"rotation": [0, -90, 39],
			"translation": [-6.5, -0.25, -6.5]
		},
		"firstperson_lefthand": {
			"rotation": [0, 90, -39],
			"translation": [6.5, -0.25, -6.5]
		},
		"ground": {
			"translation": [0, 4.25, 7]
		},
		"gui": {
			"translation": [-3.25, -3.25, 1],
			"scale": [0.6, 0.6, 1]
		}
	},
	"groups": [
		{
			"name": "katana-expo12rt",
			"origin": [8, 8, 8],
			"color": 0,
			"children": [0, 1, 2, 3, 4, 5, 6, 7, 8, 9, 10, 11, 12, 13, 14, 15]
		},
		{
			"name": "katana-expeo1112rt",
			"origin": [8, 8, 8],
			"color": 0,
			"children": [16]
		},
		{
			"name": "katana-expeo112rt",
			"origin": [8, 8, 8],
			"color": 0,
			"children": [17, 18, 19, 20, 21, 22, 23, 24]
		},
		{
			"name": "katana-expeo12rt",
			"origin": [8, 8, 8],
			"color": 0,
			"children": [25, 26]
		}
	]
}