{"credit":"Made with Blockbench","texture_size":[32,32],"textures":{"4":"outmodedpvp_weapons:mediaeval_weapons/scythe"},"elements":[{"name":"scythe_whise1peering_0","from":[10,21,0],"to":[15,24,1],"faces":{"north":{"uv":[7.5,1.5,5,3],"texture":"#4"},"east":{"uv":[7,1.5,7.5,3],"texture":"#4"},"south":{"uv":[5,1.5,7.5,3],"texture":"#4"},"west":{"uv":[5,1.5,5.5,3],"texture":"#4"},"up":{"uv":[5,1.5,7.5,2],"texture":"#4"},"down":{"uv":[5,2.5,7.5,3],"texture":"#4"}}},{"name":"scythe_whise1peering_1","from":[7,20,0],"to":[10,23,1],"faces":{"north":{"uv":[5,2,3.5,3.5],"texture":"#4"},"east":{"uv":[4.5,2,5,3.5],"texture":"#4"},"south":{"uv":[3.5,2,5,3.5],"texture":"#4"},"west":{"uv":[3.5,2,4,3.5],"texture":"#4"},"up":{"uv":[3.5,2,5,2.5],"texture":"#4"},"down":{"uv":[3.5,3,5,3.5],"texture":"#4"}}},{"name":"scythe_whise1peering_2","from":[15,19,0],"to":[16,23,1],"faces":{"north":{"uv":[8,2,7.5,4],"texture":"#4"},"east":{"uv":[7.5,2,8,4],"texture":"#4"},"south":{"uv":[7.5,2,8,4],"texture":"#4"},"west":{"uv":[7.5,2,8,4],"texture":"#4"},"up":{"uv":[7.5,2,8,2.5],"texture":"#4"},"down":{"uv":[7.5,3.5,8,4],"texture":"#4"}}},{"name":"scythe_whise1peering_3","from":[6,21,0],"to":[7,22,1],"faces":{"north":{"uv":[3.5,2.5,3,3],"texture":"#4"},"east":{"uv":[3,2.5,3.5,3],"texture":"#4"},"south":{"uv":[3,2.5,3.5,3],"texture":"#4"},"west":{"uv":[3,2.5,3.5,3],"texture":"#4"},"up":{"uv":[3,2.5,3.5,3],"texture":"#4"},"down":{"uv":[3,2.5,3.5,3],"texture":"#4"}}},{"name":"scythe_whise1peering_4","from":[10,20,0],"to":[12,21,1],"faces":{"north":{"uv":[6,3,5,3.5],"texture":"#4"},"east":{"uv":[5.5,3,6,3.5],"texture":"#4"},"south":{"uv":[5,3,6,3.5],"texture":"#4"},"west":{"uv":[5,3,5.5,3.5],"texture":"#4"},"up":{"uv":[5,3,6,3.5],"texture":"#4"},"down":{"uv":[5,3,6,3.5],"texture":"#4"}}},{"name":"scythe_whise1peering_5","from":[13,20,0],"to":[15,21,1],"faces":{"north":{"uv":[7.5,3,6.5,3.5],"texture":"#4"},"east":{"uv":[7,3,7.5,3.5],"texture":"#4"},"south":{"uv":[6.5,3,7.5,3.5],"texture":"#4"},"west":{"uv":[6.5,3,7,3.5],"texture":"#4"},"up":{"uv":[6.5,3,7.5,3.5],"texture":"#4"},"down":{"uv":[6.5,3,7.5,3.5],"texture":"#4"}}},{"name":"scythe_whisepeering_0","from":[16,18,0],"to":[17,23,1],"faces":{"north":{"uv":[8.5,2,8,4.5],"texture":"#4"},"east":{"uv":[8,2,8.5,4.5],"texture":"#4"},"south":{"uv":[8,2,8.5,4.5],"texture":"#4"},"west":{"uv":[8,2,8.5,4.5],"texture":"#4"},"up":{"uv":[8,2,8.5,2.5],"texture":"#4"},"down":{"uv":[8,4,8.5,4.5],"texture":"#4"}}},{"name":"scythe_whisepeering_1","from":[17,17,0],"to":[18,22,1],"faces":{"north":{"uv":[9,2.5,8.5,5],"texture":"#4"},"east":{"uv":[8.5,2.5,9,5],"texture":"#4"},"south":{"uv":[8.5,2.5,9,5],"texture":"#4"},"west":{"uv":[8.5,2.5,9,5],"texture":"#4"},"up":{"uv":[8.5,2.5,9,3],"texture":"#4"},"down":{"uv":[8.5,4.5,9,5],"texture":"#4"}}},{"name":"scythe_whisepeering_2","from":[18,16,0],"to":[19,21,1],"faces":{"north":{"uv":[9.5,3,9,5.5],"texture":"#4"},"east":{"uv":[9,3,9.5,5.5],"texture":"#4"},"south":{"uv":[9,3,9.5,5.5],"texture":"#4"},"west":{"uv":[9,3,9.5,5.5],"texture":"#4"},"up":{"uv":[9,3,9.5,3.5],"texture":"#4"},"down":{"uv":[9,5,9.5,5.5],"texture":"#4"}}},{"name":"scythe_whisepeering_3","from":[19,12,0],"to":[20,20,1],"faces":{"north":{"uv":[10,3.5,9.5,7.5],"texture":"#4"},"east":{"uv":[9.5,3.5,10,7.5],"texture":"#4"},"south":{"uv":[9.5,3.5,10,7.5],"texture":"#4"},"west":{"uv":[9.5,3.5,10,7.5],"texture":"#4"},"up":{"uv":[9.5,3.5,10,4],"texture":"#4"},"down":{"uv":[9.5,7,10,7.5],"texture":"#4"}}},{"name":"scythe_whisepeering_4","from":[20,13,0],"to":[21,19,1],"faces":{"north":{"uv":[10.5,4,10,7],"texture":"#4"},"east":{"uv":[10,4,10.5,7],"texture":"#4"},"south":{"uv":[10,4,10.5,7],"texture":"#4"},"west":{"uv":[10,4,10.5,7],"texture":"#4"},"up":{"uv":[10,4,10.5,4.5],"texture":"#4"},"down":{"uv":[10,6.5,10.5,7],"texture":"#4"}}},{"name":"scythe_whisepeering_5","from":[21,13,0],"to":[22,18,1],"faces":{"north":{"uv":[11,4.5,10.5,7],"texture":"#4"},"east":{"uv":[10.5,4.5,11,7],"texture":"#4"},"south":{"uv":[10.5,4.5,11,7],"texture":"#4"},"west":{"uv":[10.5,4.5,11,7],"texture":"#4"},"up":{"uv":[10.5,4.5,11,5],"texture":"#4"},"down":{"uv":[10.5,6.5,11,7],"texture":"#4"}}},{"name":"scythe_whisepeering_6","from":[22,12,0],"to":[23,17,1],"faces":{"north":{"uv":[11.5,5,11,7.5],"texture":"#4"},"east":{"uv":[11,5,11.5,7.5],"texture":"#4"},"south":{"uv":[11,5,11.5,7.5],"texture":"#4"},"west":{"uv":[11,5,11.5,7.5],"texture":"#4"},"up":{"uv":[11,5,11.5,5.5],"texture":"#4"},"down":{"uv":[11,7,11.5,7.5],"texture":"#4"}}},{"name":"scythe_whisepeering_7","from":[23,12,0],"to":[24,16,1],"faces":{"north":{"uv":[12,5.5,11.5,7.5],"texture":"#4"},"east":{"uv":[11.5,5.5,12,7.5],"texture":"#4"},"south":{"uv":[11.5,5.5,12,7.5],"texture":"#4"},"west":{"uv":[11.5,5.5,12,7.5],"texture":"#4"},"up":{"uv":[11.5,5.5,12,6],"texture":"#4"},"down":{"uv":[11.5,7,12,7.5],"texture":"#4"}}},{"name":"scythe_whisepeering_8","from":[24,11,0],"to":[25,15,1],"faces":{"north":{"uv":[12.5,6,12,8],"texture":"#4"},"east":{"uv":[12,6,12.5,8],"texture":"#4"},"south":{"uv":[12,6,12.5,8],"texture":"#4"},"west":{"uv":[12,6,12.5,8],"texture":"#4"},"up":{"uv":[12,6,12.5,6.5],"texture":"#4"},"down":{"uv":[12,7.5,12.5,8],"texture":"#4"}}},{"name":"scythe_whisepeering_9","from":[18,11,0],"to":[19,14,1],"faces":{"north":{"uv":[9.5,6.5,9,8],"texture":"#4"},"east":{"uv":[9,6.5,9.5,8],"texture":"#4"},"south":{"uv":[9,6.5,9.5,8],"texture":"#4"},"west":{"uv":[9,6.5,9.5,8],"texture":"#4"},"up":{"uv":[9,6.5,9.5,7],"texture":"#4"},"down":{"uv":[9,7.5,9.5,8],"texture":"#4"}}},{"name":"scythe_whisepeering_10","from":[17,11,0],"to":[18,13,1],"faces":{"north":{"uv":[9,7,8.5,8],"texture":"#4"},"east":{"uv":[8.5,7,9,8],"texture":"#4"},"south":{"uv":[8.5,7,9,8],"texture":"#4"},"west":{"uv":[8.5,7,9,8],"texture":"#4"},"up":{"uv":[8.5,7,9,7.5],"texture":"#4"},"down":{"uv":[8.5,7.5,9,8],"texture":"#4"}}},{"name":"scythe_whisepeering_11","from":[25,11,0],"to":[26,13,1],"faces":{"north":{"uv":[13,7,12.5,8],"texture":"#4"},"east":{"uv":[12.5,7,13,8],"texture":"#4"},"south":{"uv":[12.5,7,13,8],"texture":"#4"},"west":{"uv":[12.5,7,13,8],"texture":"#4"},"up":{"uv":[12.5,7,13,7.5],"texture":"#4"},"down":{"uv":[12.5,7.5,13,8],"texture":"#4"}}},{"name":"scythe_whisepeering_12","from":[16,11,0],"to":[17,12,1],"faces":{"north":{"uv":[8.5,7.5,8,8],"texture":"#4"},"east":{"uv":[8,7.5,8.5,8],"texture":"#4"},"south":{"uv":[8,7.5,8.5,8],"texture":"#4"},"west":{"uv":[8,7.5,8.5,8],"texture":"#4"},"up":{"uv":[8,7.5,8.5,8],"texture":"#4"},"down":{"uv":[8,7.5,8.5,8],"texture":"#4"}}},{"name":"scythe_whispeering_0","from":[16,10,0],"to":[18,11,1],"faces":{"north":{"uv":[1,8,0,8.5],"texture":"#4"},"east":{"uv":[0.5,8,1,8.5],"texture":"#4"},"south":{"uv":[0,8,1,8.5],"texture":"#4"},"west":{"uv":[0,8,0.5,8.5],"texture":"#4"},"up":{"uv":[0,8,1,8.5],"texture":"#4"},"down":{"uv":[0,8,1,8.5],"texture":"#4"}}},{"name":"scythe_whispeering_1","from":[16,9,0],"to":[17,10,1],"faces":{"north":{"uv":[0.5,8.5,0,9],"texture":"#4"},"east":{"uv":[0,8.5,0.5,9],"texture":"#4"},"south":{"uv":[0,8.5,0.5,9],"texture":"#4"},"west":{"uv":[0,8.5,0.5,9],"texture":"#4"},"up":{"uv":[0,8.5,0.5,9],"texture":"#4"},"down":{"uv":[0,8.5,0.5,9],"texture":"#4"}}},{"name":"scythe_whispering_0","from":[15,8,0],"to":[16,11,1],"faces":{"north":{"uv":[16,8,15.5,9.5],"texture":"#4"},"east":{"uv":[15.5,8,16,9.5],"texture":"#4"},"south":{"uv":[15.5,8,16,9.5],"texture":"#4"},"west":{"uv":[15.5,8,16,9.5],"texture":"#4"},"up":{"uv":[15.5,8,16,8.5],"texture":"#4"},"down":{"uv":[15.5,9,16,9.5],"texture":"#4"}}},{"name":"scythe_whispering_1","from":[13,7,0],"to":[15,10,1],"faces":{"north":{"uv":[15.5,8.5,14.5,10],"texture":"#4"},"east":{"uv":[15,8.5,15.5,10],"texture":"#4"},"south":{"uv":[14.5,8.5,15.5,10],"texture":"#4"},"west":{"uv":[14.5,8.5,15,10],"texture":"#4"},"up":{"uv":[14.5,8.5,15.5,9],"texture":"#4"},"down":{"uv":[14.5,9.5,15.5,10],"texture":"#4"}}},{"name":"scythe_whispering_2","from":[12,6,0],"to":[13,9,1],"faces":{"north":{"uv":[14.5,9,14,10.5],"texture":"#4"},"east":{"uv":[14,9,14.5,10.5],"texture":"#4"},"south":{"uv":[14,9,14.5,10.5],"texture":"#4"},"west":{"uv":[14,9,14.5,10.5],"texture":"#4"},"up":{"uv":[14,9,14.5,9.5],"texture":"#4"},"down":{"uv":[14,10,14.5,10.5],"texture":"#4"}}},{"name":"scythe_whispering_3","from":[11,5,0],"to":[12,8,1],"faces":{"north":{"uv":[14,9.5,13.5,11],"texture":"#4"},"east":{"uv":[13.5,9.5,14,11],"texture":"#4"},"south":{"uv":[13.5,9.5,14,11],"texture":"#4"},"west":{"uv":[13.5,9.5,14,11],"texture":"#4"},"up":{"uv":[13.5,9.5,14,10],"texture":"#4"},"down":{"uv":[13.5,10.5,14,11],"texture":"#4"}}},{"name":"scythe_whispering_4","from":[10,4,0],"to":[11,7,1],"faces":{"north":{"uv":[13.5,10,13,11.5],"texture":"#4"},"east":{"uv":[13,10,13.5,11.5],"texture":"#4"},"south":{"uv":[13,10,13.5,11.5],"texture":"#4"},"west":{"uv":[13,10,13.5,11.5],"texture":"#4"},"up":{"uv":[13,10,13.5,10.5],"texture":"#4"},"down":{"uv":[13,11,13.5,11.5],"texture":"#4"}}},{"name":"scythe_whispering_5","from":[9,3,0],"to":[10,6,1],"faces":{"north":{"uv":[13,10.5,12.5,12],"texture":"#4"},"east":{"uv":[12.5,10.5,13,12],"texture":"#4"},"south":{"uv":[12.5,10.5,13,12],"texture":"#4"},"west":{"uv":[12.5,10.5,13,12],"texture":"#4"},"up":{"uv":[12.5,10.5,13,11],"texture":"#4"},"down":{"uv":[12.5,11.5,13,12],"texture":"#4"}}},{"name":"scythe_whispering_6","from":[8,2,0],"to":[9,5,1],"faces":{"north":{"uv":[12.5,11,12,12.5],"texture":"#4"},"east":{"uv":[12,11,12.5,12.5],"texture":"#4"},"south":{"uv":[12,11,12.5,12.5],"texture":"#4"},"west":{"uv":[12,11,12.5,12.5],"texture":"#4"},"up":{"uv":[12,11,12.5,11.5],"texture":"#4"},"down":{"uv":[12,12,12.5,12.5],"texture":"#4"}}},{"name":"scythe_whispering_7","from":[7,1,0],"to":[8,4,1],"faces":{"north":{"uv":[12,11.5,11.5,13],"texture":"#4"},"east":{"uv":[11.5,11.5,12,13],"texture":"#4"},"south":{"uv":[11.5,11.5,12,13],"texture":"#4"},"west":{"uv":[11.5,11.5,12,13],"texture":"#4"},"up":{"uv":[11.5,11.5,12,12],"texture":"#4"},"down":{"uv":[11.5,12.5,12,13],"texture":"#4"}}},{"name":"scythe_whispering_8","from":[6,0,0],"to":[7,3,1],"faces":{"north":{"uv":[11.5,12,11,13.5],"texture":"#4"},"east":{"uv":[11,12,11.5,13.5],"texture":"#4"},"south":{"uv":[11,12,11.5,13.5],"texture":"#4"},"west":{"uv":[11,12,11.5,13.5],"texture":"#4"},"up":{"uv":[11,12,11.5,12.5],"texture":"#4"},"down":{"uv":[11,13,11.5,13.5],"texture":"#4"}}},{"name":"scythe_whispering_9","from":[5,-1,0],"to":[6,2,1],"faces":{"north":{"uv":[11,12.5,10.5,14],"texture":"#4"},"east":{"uv":[10.5,12.5,11,14],"texture":"#4"},"south":{"uv":[10.5,12.5,11,14],"texture":"#4"},"west":{"uv":[10.5,12.5,11,14],"texture":"#4"},"up":{"uv":[10.5,12.5,11,13],"texture":"#4"},"down":{"uv":[10.5,13.5,11,14],"texture":"#4"}}},{"name":"scythe_whispering_10","from":[4,-2,0],"to":[5,1,1],"faces":{"north":{"uv":[10.5,13,10,14.5],"texture":"#4"},"east":{"uv":[10,13,10.5,14.5],"texture":"#4"},"south":{"uv":[10,13,10.5,14.5],"texture":"#4"},"west":{"uv":[10,13,10.5,14.5],"texture":"#4"},"up":{"uv":[10,13,10.5,13.5],"texture":"#4"},"down":{"uv":[10,14,10.5,14.5],"texture":"#4"}}},{"name":"scythe_whispering_11","from":[3,-3,0],"to":[4,0,1],"faces":{"north":{"uv":[10,13.5,9.5,15],"texture":"#4"},"east":{"uv":[9.5,13.5,10,15],"texture":"#4"},"south":{"uv":[9.5,13.5,10,15],"texture":"#4"},"west":{"uv":[9.5,13.5,10,15],"texture":"#4"},"up":{"uv":[9.5,13.5,10,14],"texture":"#4"},"down":{"uv":[9.5,14.5,10,15],"texture":"#4"}}},{"name":"scythe_whispering_12","from":[2,-4,0],"to":[3,-1,1],"faces":{"north":{"uv":[9.5,14,9,15.5],"texture":"#4"},"east":{"uv":[9,14,9.5,15.5],"texture":"#4"},"south":{"uv":[9,14,9.5,15.5],"texture":"#4"},"west":{"uv":[9,14,9.5,15.5],"texture":"#4"},"up":{"uv":[9,14,9.5,14.5],"texture":"#4"},"down":{"uv":[9,15,9.5,15.5],"texture":"#4"}}},{"name":"scythe_whispering_13","from":[1,-5,0],"to":[2,-2,1],"faces":{"north":{"uv":[9,14.5,8.5,16],"texture":"#4"},"east":{"uv":[8.5,14.5,9,16],"texture":"#4"},"south":{"uv":[8.5,14.5,9,16],"texture":"#4"},"west":{"uv":[8.5,14.5,9,16],"texture":"#4"},"up":{"uv":[8.5,14.5,9,15],"texture":"#4"},"down":{"uv":[8.5,15.5,9,16],"texture":"#4"}}},{"name":"scythe_whispering_14","from":[0,-5,0],"to":[1,-3,1],"faces":{"north":{"uv":[8.5,15,8,16],"texture":"#4"},"east":{"uv":[8,15,8.5,16],"texture":"#4"},"south":{"uv":[8,15,8.5,16],"texture":"#4"},"west":{"uv":[8,15,8.5,16],"texture":"#4"},"up":{"uv":[8,15,8.5,15.5],"texture":"#4"},"down":{"uv":[8,15.5,8.5,16],"texture":"#4"}}}],"gui_light":"front","display":{"thirdperson_righthand":{"rotation":[0,-90,50],"translation":[-7.5,0.75,-2]},"thirdperson_lefthand":{"rotation":[0,90,-50],"translation":[7.5,0.75,-1.25]},"firstperson_righthand":{"rotation":[0,-90,35],"translation":[-6.5,-0.25,-2.5]},"firstperson_lefthand":{"rotation":[0,90,-35],"translation":[6.5,-0.25,-2.5]},"ground":{"translation":[0,7,7]},"gui":{"translation":[-3.75,-1,0],"scale":[0.53,0.54,1]}}}