{"credit":"Made with Blockbench","texture_size":[32,32],"textures":{"4":"outmodedpvp_weapons:mediaeval_weapons/shortsword"},"elements":[{"name":"shortsword-expwort_0","from":[13,13,0],"to":[16,16,1],"faces":{"north":{"uv":[8,0,6.5,1.5],"texture":"#4"},"east":{"uv":[7.5,0,8,1.5],"texture":"#4"},"south":{"uv":[6.5,0,8,1.5],"texture":"#4"},"west":{"uv":[6.5,0,7,1.5],"texture":"#4"},"up":{"uv":[6.5,0,8,0.5],"texture":"#4"},"down":{"uv":[6.5,1,8,1.5],"texture":"#4"}}},{"name":"shortsword-expwort_1","from":[12,10,0],"to":[13,15,1],"faces":{"north":{"uv":[6.5,0.5,6,3],"texture":"#4"},"east":{"uv":[6,0.5,6.5,3],"texture":"#4"},"south":{"uv":[6,0.5,6.5,3],"texture":"#4"},"west":{"uv":[6,0.5,6.5,3],"texture":"#4"},"up":{"uv":[6,0.5,6.5,1],"texture":"#4"},"down":{"uv":[6,2.5,6.5,3],"texture":"#4"}}},{"name":"shortsword-expwort_2","from":[11,9,0],"to":[12,14,1],"faces":{"north":{"uv":[6,1,5.5,3.5],"texture":"#4"},"east":{"uv":[5.5,1,6,3.5],"texture":"#4"},"south":{"uv":[5.5,1,6,3.5],"texture":"#4"},"west":{"uv":[5.5,1,6,3.5],"texture":"#4"},"up":{"uv":[5.5,1,6,1.5],"texture":"#4"},"down":{"uv":[5.5,3,6,3.5],"texture":"#4"}}},{"name":"shortsword-expwort_3","from":[10,8,0],"to":[11,13,1],"faces":{"north":{"uv":[5.5,1.5,5,4],"texture":"#4"},"east":{"uv":[5,1.5,5.5,4],"texture":"#4"},"south":{"uv":[5,1.5,5.5,4],"texture":"#4"},"west":{"uv":[5,1.5,5.5,4],"texture":"#4"},"up":{"uv":[5,1.5,5.5,2],"texture":"#4"},"down":{"uv":[5,3.5,5.5,4],"texture":"#4"}}},{"name":"shortsword-expwort_4","from":[13,12,0],"to":[15,13,1],"faces":{"north":{"uv":[7.5,1.5,6.5,2],"texture":"#4"},"east":{"uv":[7,1.5,7.5,2],"texture":"#4"},"south":{"uv":[6.5,1.5,7.5,2],"texture":"#4"},"west":{"uv":[6.5,1.5,7,2],"texture":"#4"},"up":{"uv":[6.5,1.5,7.5,2],"texture":"#4"},"down":{"uv":[6.5,1.5,7.5,2],"texture":"#4"}}},{"name":"shortsword-expwort_5","from":[9,7,0],"to":[10,12,1],"faces":{"north":{"uv":[5,2,4.5,4.5],"texture":"#4"},"east":{"uv":[4.5,2,5,4.5],"texture":"#4"},"south":{"uv":[4.5,2,5,4.5],"texture":"#4"},"west":{"uv":[4.5,2,5,4.5],"texture":"#4"},"up":{"uv":[4.5,2,5,2.5],"texture":"#4"},"down":{"uv":[4.5,4,5,4.5],"texture":"#4"}}},{"name":"shortsword-expwort_6","from":[13,11,0],"to":[14,12,1],"faces":{"north":{"uv":[7,2,6.5,2.5],"texture":"#4"},"east":{"uv":[6.5,2,7,2.5],"texture":"#4"},"south":{"uv":[6.5,2,7,2.5],"texture":"#4"},"west":{"uv":[6.5,2,7,2.5],"texture":"#4"},"up":{"uv":[6.5,2,7,2.5],"texture":"#4"},"down":{"uv":[6.5,2,7,2.5],"texture":"#4"}}},{"name":"shortsword-expwort_7","from":[8,6,0],"to":[9,11,1],"faces":{"north":{"uv":[4.5,2.5,4,5],"texture":"#4"},"east":{"uv":[4,2.5,4.5,5],"texture":"#4"},"south":{"uv":[4,2.5,4.5,5],"texture":"#4"},"west":{"uv":[4,2.5,4.5,5],"texture":"#4"},"up":{"uv":[4,2.5,4.5,3],"texture":"#4"},"down":{"uv":[4,4.5,4.5,5],"texture":"#4"}}},{"name":"shortsword-expwort_8","from":[7,5,0],"to":[8,10,1],"faces":{"north":{"uv":[4,3,3.5,5.5],"texture":"#4"},"east":{"uv":[3.5,3,4,5.5],"texture":"#4"},"south":{"uv":[3.5,3,4,5.5],"texture":"#4"},"west":{"uv":[3.5,3,4,5.5],"texture":"#4"},"up":{"uv":[3.5,3,4,3.5],"texture":"#4"},"down":{"uv":[3.5,5,4,5.5],"texture":"#4"}}},{"name":"shortsword-expwort_9","from":[6,3,0],"to":[7,9,1],"faces":{"north":{"uv":[3.5,3.5,3,6.5],"texture":"#4"},"east":{"uv":[3,3.5,3.5,6.5],"texture":"#4"},"south":{"uv":[3,3.5,3.5,6.5],"texture":"#4"},"west":{"uv":[3,3.5,3.5,6.5],"texture":"#4"},"up":{"uv":[3,3.5,3.5,4],"texture":"#4"},"down":{"uv":[3,6,3.5,6.5],"texture":"#4"}}},{"name":"shortsword-expwort_10","from":[3,6,0],"to":[4,8,1],"faces":{"north":{"uv":[2,4,1.5,5],"texture":"#4"},"east":{"uv":[1.5,4,2,5],"texture":"#4"},"south":{"uv":[1.5,4,2,5],"texture":"#4"},"west":{"uv":[1.5,4,2,5],"texture":"#4"},"up":{"uv":[1.5,4,2,4.5],"texture":"#4"},"down":{"uv":[1.5,4.5,2,5],"texture":"#4"}}},{"name":"shortsword-expwort_11","from":[5,4,0],"to":[6,8,1],"faces":{"north":{"uv":[3,4,2.5,6],"texture":"#4"},"east":{"uv":[2.5,4,3,6],"texture":"#4"},"south":{"uv":[2.5,4,3,6],"texture":"#4"},"west":{"uv":[2.5,4,3,6],"texture":"#4"},"up":{"uv":[2.5,4,3,4.5],"texture":"#4"},"down":{"uv":[2.5,5.5,3,6],"texture":"#4"}}},{"name":"shortsword-expwort_12","from":[4,3,0],"to":[5,7,1],"faces":{"north":{"uv":[2.5,4.5,2,6.5],"texture":"#4"},"east":{"uv":[2,4.5,2.5,6.5],"texture":"#4"},"south":{"uv":[2,4.5,2.5,6.5],"texture":"#4"},"west":{"uv":[2,4.5,2.5,6.5],"texture":"#4"},"up":{"uv":[2,4.5,2.5,5],"texture":"#4"},"down":{"uv":[2,6,2.5,6.5],"texture":"#4"}}},{"name":"shortsword-expwort_13","from":[3,2,0],"to":[4,5,1],"faces":{"north":{"uv":[2,5.5,1.5,7],"texture":"#4"},"east":{"uv":[1.5,5.5,2,7],"texture":"#4"},"south":{"uv":[1.5,5.5,2,7],"texture":"#4"},"west":{"uv":[1.5,5.5,2,7],"texture":"#4"},"up":{"uv":[1.5,5.5,2,6],"texture":"#4"},"down":{"uv":[1.5,6.5,2,7],"texture":"#4"}}},{"name":"shortsword-expwort_14","from":[2,1,0],"to":[3,4,1],"faces":{"north":{"uv":[1.5,6,1,7.5],"texture":"#4"},"east":{"uv":[1,6,1.5,7.5],"texture":"#4"},"south":{"uv":[1,6,1.5,7.5],"texture":"#4"},"west":{"uv":[1,6,1.5,7.5],"texture":"#4"},"up":{"uv":[1,6,1.5,6.5],"texture":"#4"},"down":{"uv":[1,7,1.5,7.5],"texture":"#4"}}},{"name":"shortsword-expwort_15","from":[7,3,0],"to":[8,4,1],"faces":{"north":{"uv":[4,6,3.5,6.5],"texture":"#4"},"east":{"uv":[3.5,6,4,6.5],"texture":"#4"},"south":{"uv":[3.5,6,4,6.5],"texture":"#4"},"west":{"uv":[3.5,6,4,6.5],"texture":"#4"},"up":{"uv":[3.5,6,4,6.5],"texture":"#4"},"down":{"uv":[3.5,6,4,6.5],"texture":"#4"}}},{"name":"shortsword-expwort_16","from":[1,0,0],"to":[2,3,1],"faces":{"north":{"uv":[1,6.5,0.5,8],"texture":"#4"},"east":{"uv":[0.5,6.5,1,8],"texture":"#4"},"south":{"uv":[0.5,6.5,1,8],"texture":"#4"},"west":{"uv":[0.5,6.5,1,8],"texture":"#4"},"up":{"uv":[0.5,6.5,1,7],"texture":"#4"},"down":{"uv":[0.5,7.5,1,8],"texture":"#4"}}},{"name":"shortsword-expwort_17","from":[0,0,0],"to":[1,2,1],"faces":{"north":{"uv":[0.5,7,0,8],"texture":"#4"},"east":{"uv":[0,7,0.5,8],"texture":"#4"},"south":{"uv":[0,7,0.5,8],"texture":"#4"},"west":{"uv":[0,7,0.5,8],"texture":"#4"},"up":{"uv":[0,7,0.5,7.5],"texture":"#4"},"down":{"uv":[0,7.5,0.5,8],"texture":"#4"}}},{"name":"shortsword-eexpwwwort_0","from":[21,21,0],"to":[24,24,1],"faces":{"north":{"uv":[12,4,10.5,5.5],"texture":"#4"},"east":{"uv":[11.5,4,12,5.5],"texture":"#4"},"south":{"uv":[10.5,4,12,5.5],"texture":"#4"},"west":{"uv":[10.5,4,11,5.5],"texture":"#4"},"up":{"uv":[10.5,4,12,4.5],"texture":"#4"},"down":{"uv":[10.5,5,12,5.5],"texture":"#4"}}},{"name":"shortsword-eexpwwwort_1","from":[20,18,0],"to":[21,23,1],"faces":{"north":{"uv":[10.5,4.5,10,7],"texture":"#4"},"east":{"uv":[10,4.5,10.5,7],"texture":"#4"},"south":{"uv":[10,4.5,10.5,7],"texture":"#4"},"west":{"uv":[10,4.5,10.5,7],"texture":"#4"},"up":{"uv":[10,4.5,10.5,5],"texture":"#4"},"down":{"uv":[10,6.5,10.5,7],"texture":"#4"}}},{"name":"shortsword-eexpwwwort_2","from":[19,17,0],"to":[20,22,1],"faces":{"north":{"uv":[10,5,9.5,7.5],"texture":"#4"},"east":{"uv":[9.5,5,10,7.5],"texture":"#4"},"south":{"uv":[9.5,5,10,7.5],"texture":"#4"},"west":{"uv":[9.5,5,10,7.5],"texture":"#4"},"up":{"uv":[9.5,5,10,5.5],"texture":"#4"},"down":{"uv":[9.5,7,10,7.5],"texture":"#4"}}},{"name":"shortsword-eexpwwwort_3","from":[18,16,0],"to":[19,21,1],"faces":{"north":{"uv":[9.5,5.5,9,8],"texture":"#4"},"east":{"uv":[9,5.5,9.5,8],"texture":"#4"},"south":{"uv":[9,5.5,9.5,8],"texture":"#4"},"west":{"uv":[9,5.5,9.5,8],"texture":"#4"},"up":{"uv":[9,5.5,9.5,6],"texture":"#4"},"down":{"uv":[9,7.5,9.5,8],"texture":"#4"}}},{"name":"shortsword-eexpwwwort_4","from":[21,20,0],"to":[23,21,1],"faces":{"north":{"uv":[11.5,5.5,10.5,6],"texture":"#4"},"east":{"uv":[11,5.5,11.5,6],"texture":"#4"},"south":{"uv":[10.5,5.5,11.5,6],"texture":"#4"},"west":{"uv":[10.5,5.5,11,6],"texture":"#4"},"up":{"uv":[10.5,5.5,11.5,6],"texture":"#4"},"down":{"uv":[10.5,5.5,11.5,6],"texture":"#4"}}},{"name":"shortsword-eexpwwwort_5","from":[17,16,0],"to":[18,20,1],"faces":{"north":{"uv":[9,6,8.5,8],"texture":"#4"},"east":{"uv":[8.5,6,9,8],"texture":"#4"},"south":{"uv":[8.5,6,9,8],"texture":"#4"},"west":{"uv":[8.5,6,9,8],"texture":"#4"},"up":{"uv":[8.5,6,9,6.5],"texture":"#4"},"down":{"uv":[8.5,7.5,9,8],"texture":"#4"}}},{"name":"shortsword-eexpwwwort_6","from":[21,19,0],"to":[22,20,1],"faces":{"north":{"uv":[11,6,10.5,6.5],"texture":"#4"},"east":{"uv":[10.5,6,11,6.5],"texture":"#4"},"south":{"uv":[10.5,6,11,6.5],"texture":"#4"},"west":{"uv":[10.5,6,11,6.5],"texture":"#4"},"up":{"uv":[10.5,6,11,6.5],"texture":"#4"},"down":{"uv":[10.5,6,11,6.5],"texture":"#4"}}},{"name":"shortsword-eexpwwwort_7","from":[16,16,0],"to":[17,19,1],"faces":{"north":{"uv":[8.5,6.5,8,8],"texture":"#4"},"east":{"uv":[8,6.5,8.5,8],"texture":"#4"},"south":{"uv":[8,6.5,8.5,8],"texture":"#4"},"west":{"uv":[8,6.5,8.5,8],"texture":"#4"},"up":{"uv":[8,6.5,8.5,7],"texture":"#4"},"down":{"uv":[8,7.5,8.5,8],"texture":"#4"}}},{"name":"shortsword-expwwort_0","from":[16,15,0],"to":[18,16,1],"faces":{"north":{"uv":[1,8,0,8.5],"texture":"#4"},"east":{"uv":[0.5,8,1,8.5],"texture":"#4"},"south":{"uv":[0,8,1,8.5],"texture":"#4"},"west":{"uv":[0,8,0.5,8.5],"texture":"#4"},"up":{"uv":[0,8,1,8.5],"texture":"#4"},"down":{"uv":[0,8,1,8.5],"texture":"#4"}}},{"name":"shortsword-expwwort_1","from":[16,14,0],"to":[17,15,1],"faces":{"north":{"uv":[0.5,8.5,0,9],"texture":"#4"},"east":{"uv":[0,8.5,0.5,9],"texture":"#4"},"south":{"uv":[0,8.5,0.5,9],"texture":"#4"},"west":{"uv":[0,8.5,0.5,9],"texture":"#4"},"up":{"uv":[0,8.5,0.5,9],"texture":"#4"},"down":{"uv":[0,8.5,0.5,9],"texture":"#4"}}},{"name":"shortsword-expwwwort_0","from":[15,16,0],"to":[16,18,1],"faces":{"north":{"uv":[16,15,15.5,16],"texture":"#4"},"east":{"uv":[15.5,15,16,16],"texture":"#4"},"south":{"uv":[15.5,15,16,16],"texture":"#4"},"west":{"uv":[15.5,15,16,16],"texture":"#4"},"up":{"uv":[15.5,15,16,15.5],"texture":"#4"},"down":{"uv":[15.5,15.5,16,16],"texture":"#4"}}},{"name":"shortsword-expwwwort_1","from":[14,16,0],"to":[15,17,1],"faces":{"north":{"uv":[15.5,15.5,15,16],"texture":"#4"},"east":{"uv":[15,15.5,15.5,16],"texture":"#4"},"south":{"uv":[15,15.5,15.5,16],"texture":"#4"},"west":{"uv":[15,15.5,15.5,16],"texture":"#4"},"up":{"uv":[15,15.5,15.5,16],"texture":"#4"},"down":{"uv":[15,15.5,15.5,16],"texture":"#4"}}}],"gui_light":"front","display":{"thirdperson_righthand":{"rotation":[0,-90,50],"translation":[-7.5,5.75,1.75]},"thirdperson_lefthand":{"rotation":[0,90,-50],"translation":[7.5,5.75,2.5]},"firstperson_righthand":{"rotation":[17,85,0],"translation":[8,3.5,0]},"firstperson_lefthand":{"rotation":[17,-85,0],"translation":[-8,3.5,0]},"ground":{"translation":[0,5.25,7]},"gui":{"translation":[-3.25,-3.25,0],"scale":[0.6,0.6,1]}}}