{"credit":"Made with Blockbench","texture_size":[32,16],"textures":{"1":"outmodedpvp_weapons:mediaeval_weapons/trident","particle":"outmodedpvp_weapons:mediaeval_weapons/trident"},"elements":[{"name":"trident-expeort_0","from":[21,26,0],"to":[23,27,1],"faces":{"north":{"uv":[5.5,1,4.5,2],"texture":"#1"},"east":{"uv":[5,1,5.5,2],"texture":"#1"},"south":{"uv":[4.5,1,5.5,2],"texture":"#1"},"west":{"uv":[4.5,1,5,2],"texture":"#1"},"up":{"uv":[4.5,1,5.5,2],"texture":"#1"},"down":{"uv":[4.5,1,5.5,2],"texture":"#1"}}},{"name":"trident-expeort_1","from":[20,25,0],"to":[22,26,1],"faces":{"north":{"uv":[5,2,4,3],"texture":"#1"},"east":{"uv":[4.5,2,5,3],"texture":"#1"},"south":{"uv":[4,2,5,3],"texture":"#1"},"west":{"uv":[4,2,4.5,3],"texture":"#1"},"up":{"uv":[4,2,5,3],"texture":"#1"},"down":{"uv":[4,2,5,3],"texture":"#1"}}},{"name":"trident-expeort_2","from":[24,24,0],"to":[26,26,1],"faces":{"north":{"uv":[7,2,6,4],"texture":"#1"},"east":{"uv":[6.5,2,7,4],"texture":"#1"},"south":{"uv":[6,2,7,4],"texture":"#1"},"west":{"uv":[6,2,6.5,4],"texture":"#1"},"up":{"uv":[6,2,7,3],"texture":"#1"},"down":{"uv":[6,3,7,4],"texture":"#1"}}},{"name":"trident-expeort_3","from":[19,24,0],"to":[21,25,1],"faces":{"north":{"uv":[4.5,3,3.5,4],"texture":"#1"},"east":{"uv":[4,3,4.5,4],"texture":"#1"},"south":{"uv":[3.5,3,4.5,4],"texture":"#1"},"west":{"uv":[3.5,3,4,4],"texture":"#1"},"up":{"uv":[3.5,3,4.5,4],"texture":"#1"},"down":{"uv":[3.5,3,4.5,4],"texture":"#1"}}},{"name":"trident-expeort_4","from":[23,22,0],"to":[24,25,1],"faces":{"north":{"uv":[6,3,5.5,6],"texture":"#1"},"east":{"uv":[5.5,3,6,6],"texture":"#1"},"south":{"uv":[5.5,3,6,6],"texture":"#1"},"west":{"uv":[5.5,3,6,6],"texture":"#1"},"up":{"uv":[5.5,3,6,4],"texture":"#1"},"down":{"uv":[5.5,5,6,6],"texture":"#1"}}},{"name":"trident-expeort_5","from":[18,23,0],"to":[20,24,1],"faces":{"north":{"uv":[4,4,3,5],"texture":"#1"},"east":{"uv":[3.5,4,4,5],"texture":"#1"},"south":{"uv":[3,4,4,5],"texture":"#1"},"west":{"uv":[3,4,3.5,5],"texture":"#1"},"up":{"uv":[3,4,4,5],"texture":"#1"},"down":{"uv":[3,4,4,5],"texture":"#1"}}},{"name":"trident-expeort_6","from":[22,21,0],"to":[23,24,1],"faces":{"north":{"uv":[5.5,4,5,7],"texture":"#1"},"east":{"uv":[5,4,5.5,7],"texture":"#1"},"south":{"uv":[5,4,5.5,7],"texture":"#1"},"west":{"uv":[5,4,5.5,7],"texture":"#1"},"up":{"uv":[5,4,5.5,5],"texture":"#1"},"down":{"uv":[5,6,5.5,7],"texture":"#1"}}},{"name":"trident-expeort_7","from":[24,23,0],"to":[25,24,1],"faces":{"north":{"uv":[6.5,4,6,5],"texture":"#1"},"east":{"uv":[6,4,6.5,5],"texture":"#1"},"south":{"uv":[6,4,6.5,5],"texture":"#1"},"west":{"uv":[6,4,6.5,5],"texture":"#1"},"up":{"uv":[6,4,6.5,5],"texture":"#1"},"down":{"uv":[6,4,6.5,5],"texture":"#1"}}},{"name":"trident-expeort_8","from":[17,22,0],"to":[19,23,1],"faces":{"north":{"uv":[3.5,5,2.5,6],"texture":"#1"},"east":{"uv":[3,5,3.5,6],"texture":"#1"},"south":{"uv":[2.5,5,3.5,6],"texture":"#1"},"west":{"uv":[2.5,5,3,6],"texture":"#1"},"up":{"uv":[2.5,5,3.5,6],"texture":"#1"},"down":{"uv":[2.5,5,3.5,6],"texture":"#1"}}},{"name":"trident-expeort_9","from":[21,20,0],"to":[22,23,1],"faces":{"north":{"uv":[5,5,4.5,8],"texture":"#1"},"east":{"uv":[4.5,5,5,8],"texture":"#1"},"south":{"uv":[4.5,5,5,8],"texture":"#1"},"west":{"uv":[4.5,5,5,8],"texture":"#1"},"up":{"uv":[4.5,5,5,6],"texture":"#1"},"down":{"uv":[4.5,7,5,8],"texture":"#1"}}},{"name":"trident-expeort_10","from":[26,21,0],"to":[27,23,1],"faces":{"north":{"uv":[7.5,5,7,7],"texture":"#1"},"east":{"uv":[7,5,7.5,7],"texture":"#1"},"south":{"uv":[7,5,7.5,7],"texture":"#1"},"west":{"uv":[7,5,7.5,7],"texture":"#1"},"up":{"uv":[7,5,7.5,6],"texture":"#1"},"down":{"uv":[7,6,7.5,7],"texture":"#1"}}},{"name":"trident-expeort_11","from":[17,20,0],"to":[18,22,1],"faces":{"north":{"uv":[3,6,2.5,8],"texture":"#1"},"east":{"uv":[2.5,6,3,8],"texture":"#1"},"south":{"uv":[2.5,6,3,8],"texture":"#1"},"west":{"uv":[2.5,6,3,8],"texture":"#1"},"up":{"uv":[2.5,6,3,7],"texture":"#1"},"down":{"uv":[2.5,7,3,8],"texture":"#1"}}},{"name":"trident-expeort_12","from":[20,17,0],"to":[21,22,1],"faces":{"north":{"uv":[4.5,6,4,11],"texture":"#1"},"east":{"uv":[4,6,4.5,11],"texture":"#1"},"south":{"uv":[4,6,4.5,11],"texture":"#1"},"west":{"uv":[4,6,4.5,11],"texture":"#1"},"up":{"uv":[4,6,4.5,7],"texture":"#1"},"down":{"uv":[4,10,4.5,11],"texture":"#1"}}},{"name":"trident-expeort_13","from":[25,20,0],"to":[26,22,1],"faces":{"north":{"uv":[7,6,6.5,8],"texture":"#1"},"east":{"uv":[6.5,6,7,8],"texture":"#1"},"south":{"uv":[6.5,6,7,8],"texture":"#1"},"west":{"uv":[6.5,6,7,8],"texture":"#1"},"up":{"uv":[6.5,6,7,7],"texture":"#1"},"down":{"uv":[6.5,7,7,8],"texture":"#1"}}},{"name":"trident-expeort_14","from":[18,18,0],"to":[20,21,1],"faces":{"north":{"uv":[4,7,3,10],"texture":"#1"},"east":{"uv":[3.5,7,4,10],"texture":"#1"},"south":{"uv":[3,7,4,10],"texture":"#1"},"west":{"uv":[3,7,3.5,10],"texture":"#1"},"up":{"uv":[3,7,4,8],"texture":"#1"},"down":{"uv":[3,9,4,10],"texture":"#1"}}},{"name":"trident-expeort_15","from":[24,19,0],"to":[25,21,1],"faces":{"north":{"uv":[6.5,7,6,9],"texture":"#1"},"east":{"uv":[6,7,6.5,9],"texture":"#1"},"south":{"uv":[6,7,6.5,9],"texture":"#1"},"west":{"uv":[6,7,6.5,9],"texture":"#1"},"up":{"uv":[6,7,6.5,8],"texture":"#1"},"down":{"uv":[6,8,6.5,9],"texture":"#1"}}},{"name":"trident-expeort_16","from":[23,18,0],"to":[24,20,1],"faces":{"north":{"uv":[6,8,5.5,10],"texture":"#1"},"east":{"uv":[5.5,8,6,10],"texture":"#1"},"south":{"uv":[5.5,8,6,10],"texture":"#1"},"west":{"uv":[5.5,8,6,10],"texture":"#1"},"up":{"uv":[5.5,8,6,9],"texture":"#1"},"down":{"uv":[5.5,9,6,10],"texture":"#1"}}},{"name":"trident-expeort_17","from":[17,16,0],"to":[18,19,1],"faces":{"north":{"uv":[3,9,2.5,12],"texture":"#1"},"east":{"uv":[2.5,9,3,12],"texture":"#1"},"south":{"uv":[2.5,9,3,12],"texture":"#1"},"west":{"uv":[2.5,9,3,12],"texture":"#1"},"up":{"uv":[2.5,9,3,10],"texture":"#1"},"down":{"uv":[2.5,11,3,12],"texture":"#1"}}},{"name":"trident-expeort_18","from":[22,17,0],"to":[23,19,1],"faces":{"north":{"uv":[5.5,9,5,11],"texture":"#1"},"east":{"uv":[5,9,5.5,11],"texture":"#1"},"south":{"uv":[5,9,5.5,11],"texture":"#1"},"west":{"uv":[5,9,5.5,11],"texture":"#1"},"up":{"uv":[5,9,5.5,10],"texture":"#1"},"down":{"uv":[5,10,5.5,11],"texture":"#1"}}},{"name":"trident-expeort_19","from":[16,15,0],"to":[17,18,1],"faces":{"north":{"uv":[2.5,10,2,13],"texture":"#1"},"east":{"uv":[2,10,2.5,13],"texture":"#1"},"south":{"uv":[2,10,2.5,13],"texture":"#1"},"west":{"uv":[2,10,2.5,13],"texture":"#1"},"up":{"uv":[2,10,2.5,11],"texture":"#1"},"down":{"uv":[2,12,2.5,13],"texture":"#1"}}},{"name":"trident-expeort_20","from":[18,17,0],"to":[19,18,1],"faces":{"north":{"uv":[3.5,10,3,11],"texture":"#1"},"east":{"uv":[3,10,3.5,11],"texture":"#1"},"south":{"uv":[3,10,3.5,11],"texture":"#1"},"west":{"uv":[3,10,3.5,11],"texture":"#1"},"up":{"uv":[3,10,3.5,11],"texture":"#1"},"down":{"uv":[3,10,3.5,11],"texture":"#1"}}},{"name":"trident-expeort_21","from":[21,17,0],"to":[22,18,1],"faces":{"north":{"uv":[5,10,4.5,11],"texture":"#1"},"east":{"uv":[4.5,10,5,11],"texture":"#1"},"south":{"uv":[4.5,10,5,11],"texture":"#1"},"west":{"uv":[4.5,10,5,11],"texture":"#1"},"up":{"uv":[4.5,10,5,11],"texture":"#1"},"down":{"uv":[4.5,10,5,11],"texture":"#1"}}},{"name":"trident-expeort_22","from":[15,14,0],"to":[16,17,1],"faces":{"north":{"uv":[2,11,1.5,14],"texture":"#1"},"east":{"uv":[1.5,11,2,14],"texture":"#1"},"south":{"uv":[1.5,11,2,14],"texture":"#1"},"west":{"uv":[1.5,11,2,14],"texture":"#1"},"up":{"uv":[1.5,11,2,12],"texture":"#1"},"down":{"uv":[1.5,13,2,14],"texture":"#1"}}},{"name":"trident-expeort_23","from":[14,13,0],"to":[15,16,1],"faces":{"north":{"uv":[1.5,12,1,15],"texture":"#1"},"east":{"uv":[1,12,1.5,15],"texture":"#1"},"south":{"uv":[1,12,1.5,15],"texture":"#1"},"west":{"uv":[1,12,1.5,15],"texture":"#1"},"up":{"uv":[1,12,1.5,13],"texture":"#1"},"down":{"uv":[1,14,1.5,15],"texture":"#1"}}},{"name":"trident-expeort_24","from":[13,13,0],"to":[14,15,1],"faces":{"north":{"uv":[1,13,0.5,15],"texture":"#1"},"east":{"uv":[0.5,13,1,15],"texture":"#1"},"south":{"uv":[0.5,13,1,15],"texture":"#1"},"west":{"uv":[0.5,13,1,15],"texture":"#1"},"up":{"uv":[0.5,13,1,14],"texture":"#1"},"down":{"uv":[0.5,14,1,15],"texture":"#1"}}},{"name":"trident-export_0","from":[12,11,0],"to":[13,14,1],"faces":{"north":{"uv":[14.5,2,14,5],"texture":"#1"},"east":{"uv":[14,2,14.5,5],"texture":"#1"},"south":{"uv":[14,2,14.5,5],"texture":"#1"},"west":{"uv":[14,2,14.5,5],"texture":"#1"},"up":{"uv":[14,2,14.5,3],"texture":"#1"},"down":{"uv":[14,4,14.5,5],"texture":"#1"}}},{"name":"trident-export_1","from":[11,10,0],"to":[12,13,1],"faces":{"north":{"uv":[14,3,13.5,6],"texture":"#1"},"east":{"uv":[13.5,3,14,6],"texture":"#1"},"south":{"uv":[13.5,3,14,6],"texture":"#1"},"west":{"uv":[13.5,3,14,6],"texture":"#1"},"up":{"uv":[13.5,3,14,4],"texture":"#1"},"down":{"uv":[13.5,5,14,6],"texture":"#1"}}},{"name":"trident-export_2","from":[13,12,0],"to":[14,13,1],"faces":{"north":{"uv":[15,3,14.5,4],"texture":"#1"},"east":{"uv":[14.5,3,15,4],"texture":"#1"},"south":{"uv":[14.5,3,15,4],"texture":"#1"},"west":{"uv":[14.5,3,15,4],"texture":"#1"},"up":{"uv":[14.5,3,15,4],"texture":"#1"},"down":{"uv":[14.5,3,15,4],"texture":"#1"}}},{"name":"trident-export_3","from":[10,9,0],"to":[11,12,1],"faces":{"north":{"uv":[13.5,4,13,7],"texture":"#1"},"east":{"uv":[13,4,13.5,7],"texture":"#1"},"south":{"uv":[13,4,13.5,7],"texture":"#1"},"west":{"uv":[13,4,13.5,7],"texture":"#1"},"up":{"uv":[13,4,13.5,5],"texture":"#1"},"down":{"uv":[13,6,13.5,7],"texture":"#1"}}},{"name":"trident-export_4","from":[9,8,0],"to":[10,11,1],"faces":{"north":{"uv":[13,5,12.5,8],"texture":"#1"},"east":{"uv":[12.5,5,13,8],"texture":"#1"},"south":{"uv":[12.5,5,13,8],"texture":"#1"},"west":{"uv":[12.5,5,13,8],"texture":"#1"},"up":{"uv":[12.5,5,13,6],"texture":"#1"},"down":{"uv":[12.5,7,13,8],"texture":"#1"}}},{"name":"trident-export_5","from":[8,7,0],"to":[9,10,1],"faces":{"north":{"uv":[12.5,6,12,9],"texture":"#1"},"east":{"uv":[12,6,12.5,9],"texture":"#1"},"south":{"uv":[12,6,12.5,9],"texture":"#1"},"west":{"uv":[12,6,12.5,9],"texture":"#1"},"up":{"uv":[12,6,12.5,7],"texture":"#1"},"down":{"uv":[12,8,12.5,9],"texture":"#1"}}},{"name":"trident-export_6","from":[7,6,0],"to":[8,9,1],"faces":{"north":{"uv":[12,7,11.5,10],"texture":"#1"},"east":{"uv":[11.5,7,12,10],"texture":"#1"},"south":{"uv":[11.5,7,12,10],"texture":"#1"},"west":{"uv":[11.5,7,12,10],"texture":"#1"},"up":{"uv":[11.5,7,12,8],"texture":"#1"},"down":{"uv":[11.5,9,12,10],"texture":"#1"}}},{"name":"trident-export_7","from":[6,5,0],"to":[7,8,1],"faces":{"north":{"uv":[11.5,8,11,11],"texture":"#1"},"east":{"uv":[11,8,11.5,11],"texture":"#1"},"south":{"uv":[11,8,11.5,11],"texture":"#1"},"west":{"uv":[11,8,11.5,11],"texture":"#1"},"up":{"uv":[11,8,11.5,9],"texture":"#1"},"down":{"uv":[11,10,11.5,11],"texture":"#1"}}},{"name":"trident-export_8","from":[5,4,0],"to":[6,7,1],"faces":{"north":{"uv":[11,9,10.5,12],"texture":"#1"},"east":{"uv":[10.5,9,11,12],"texture":"#1"},"south":{"uv":[10.5,9,11,12],"texture":"#1"},"west":{"uv":[10.5,9,11,12],"texture":"#1"},"up":{"uv":[10.5,9,11,10],"texture":"#1"},"down":{"uv":[10.5,11,11,12],"texture":"#1"}}},{"name":"trident-export_9","from":[4,3,0],"to":[5,6,1],"faces":{"north":{"uv":[10.5,10,10,13],"texture":"#1"},"east":{"uv":[10,10,10.5,13],"texture":"#1"},"south":{"uv":[10,10,10.5,13],"texture":"#1"},"west":{"uv":[10,10,10.5,13],"texture":"#1"},"up":{"uv":[10,10,10.5,11],"texture":"#1"},"down":{"uv":[10,12,10.5,13],"texture":"#1"}}},{"name":"trident-export_10","from":[3,2,0],"to":[4,5,1],"faces":{"north":{"uv":[10,11,9.5,14],"texture":"#1"},"east":{"uv":[9.5,11,10,14],"texture":"#1"},"south":{"uv":[9.5,11,10,14],"texture":"#1"},"west":{"uv":[9.5,11,10,14],"texture":"#1"},"up":{"uv":[9.5,11,10,12],"texture":"#1"},"down":{"uv":[9.5,13,10,14],"texture":"#1"}}},{"name":"trident-export_11","from":[2,1,0],"to":[3,4,1],"faces":{"north":{"uv":[9.5,12,9,15],"texture":"#1"},"east":{"uv":[9,12,9.5,15],"texture":"#1"},"south":{"uv":[9,12,9.5,15],"texture":"#1"},"west":{"uv":[9,12,9.5,15],"texture":"#1"},"up":{"uv":[9,12,9.5,13],"texture":"#1"},"down":{"uv":[9,14,9.5,15],"texture":"#1"}}},{"name":"trident-export_12","from":[1,0,0],"to":[2,3,1],"faces":{"north":{"uv":[9,13,8.5,16],"texture":"#1"},"east":{"uv":[8.5,13,9,16],"texture":"#1"},"south":{"uv":[8.5,13,9,16],"texture":"#1"},"west":{"uv":[8.5,13,9,16],"texture":"#1"},"up":{"uv":[8.5,13,9,14],"texture":"#1"},"down":{"uv":[8.5,15,9,16],"texture":"#1"}}},{"name":"trident-export_13","from":[0,0,0],"to":[1,2,1],"faces":{"north":{"uv":[8.5,14,8,16],"texture":"#1"},"east":{"uv":[8,14,8.5,16],"texture":"#1"},"south":{"uv":[8,14,8.5,16],"texture":"#1"},"west":{"uv":[8,14,8.5,16],"texture":"#1"},"up":{"uv":[8,14,8.5,15],"texture":"#1"},"down":{"uv":[8,15,8.5,16],"texture":"#1"}}}],"gui_light":"front","display":{"thirdperson_righthand":{"rotation":[0,-90,50],"translation":[-7.5,-5.5,2.5]},"thirdperson_lefthand":{"rotation":[0,90,-50],"translation":[7.5,-5.5,2.5]},"firstperson_righthand":{"rotation":[-66,-90,35],"translation":[-6.5,-0.25,9]},"firstperson_lefthand":{"rotation":[-66,90,-35],"translation":[6.5,-0.25,9]},"ground":{"translation":[0,5.5,7]},"gui":{"translation":[-3.25,-3.25,1],"scale":[0.6,0.6,1]},"fixed":{"translation":[-3.25,-3.25,5.75],"scale":[0.61,0.61,0.78]}}}