{"sources":[{"type":"single","resource":"cosmetics:body/backpack"},{"type":"single","resource":"cosmetics:body/bee_nest"},{"type":"single","resource":"cosmetics:body/leather_backpack"},{"type":"single","resource":"cosmetics:body/red_parrot"},{"type":"single","resource":"cosmetics:body/squirrel_tail"},{"type":"single","resource":"cosmetics:entity/amogus/amogus"},{"type":"single","resource":"cosmetics:entity/amogus_body_icon"},{"type":"single","resource":"cosmetics:entity/amogus_eye_icon"},{"type":"single","resource":"cosmetics:entity/locomotive/locomotive"},{"type":"single","resource":"cosmetics:entity/star_kite/star_kite"},{"type":"single","resource":"cosmetics:hat/chef_hat"},{"type":"single","resource":"cosmetics:hat/cowboy_hat"},{"type":"single","resource":"cosmetics:hat/snow_fox_sleeping"},{"type":"single","resource":"cosmetics:hat/witch_hat"},{"type":"single","resource":"z_cosmetics:cursor_default"},{"type":"single","resource":"z_cosmetics:cursor_pointer"},{"type":"single","resource":"z_cosmetics:cursor_scroll"},{"type":"single","resource":"z_cosmetics:dyeing_pointer"},{"type":"single","resource":"z_cosmetics:fullscreen_black_item"},{"type":"single","resource":"z_cosmetics:tutorial"},{"type":"single","resource":"z_cosmetics:tutorial_dont_show_again"},{"type":"single","resource":"cosmetics:entity/ballon_cluster/ballon_cluster"},{"type":"single","resource":"cosmetics:entity/wings_enderdragon/dragon"},{"type":"single","resource":"cosmetics:body/nordic_axe"},{"type":"single","resource":"cosmetics:body/longsword"},{"type":"single","resource":"cosmetics:body/spiked_mace"},{"type":"single","resource":"outmodedpvp_weapons:magic_items/spell_tome"},{"type":"single","resource":"cosmetics:body/crude_shortsword"},{"type":"single","resource":"z_cosmetics:cursor_scroll"},{"type":"single","resource":"outmodedpvp_weapons:magic_items/trinkets/gold_trinket_diamond"},{"type":"single","resource":"outmodedpvp_weapons:magic_items/trinkets/netherite_trinket_ruby"},{"type":"single","resource":"outmodedpvp_weapons:magic_items/death_token"},{"type":"single","resource":"outmodedpvp_weapons:magic_items/trinkets/gold_trinket_ruby"},{"type":"single","resource":"_iainternal:icons/icon_left_blue"},{"type":"single","resource":"mypvpzgui:arrow_right_gui"},{"type":"single","resource":"z_cosmetics:dyeing_pointer"},{"type":"single","resource":"mypvpzmisc:tab"},{"type":"single","resource":"outmodedpvp_weapons:magic_items/trinkets/iron_trinket_amethyst"},{"type":"single","resource":"mypvpzmisc:phantom_feather"},{"type":"single","resource":"mypvpzgui:green_tick"},{"type":"single","resource":"z_cosmetics:cursor_default"},{"type":"single","resource":"outmodedpvp_weapons:mediaeval_weapons/shortsword"},{"type":"single","resource":"outmodedpvp_weapons:mediaeval_weapons/trident"},{"type":"single","resource":"outmodedpvp_weapons:mediaeval_weapons/longsword"},{"type":"single","resource":"outmodedpvp_weapons:mediaeval_weapons/legendary/m_v1"},{"type":"single","resource":"outmodedpvp_weapons:magic_items/spell_book"},{"type":"single","resource":"mypvpzmisc:invs_item"},{"type":"single","resource":"_iainternal:icons/icon_next_orange"},{"type":"single","resource":"outmodedpvp_weapons:mediaeval_weapons/legendary/whispering_scythe"},{"type":"single","resource":"mypvpzmisc:dynamite"},{"type":"single","resource":"cosmetics:body/musket"},{"type":"single","resource":"outmodedpvp_weapons:mediaeval_weapons/battlestaff"},{"type":"single","resource":"outmodedpvp_weapons:mediaeval_weapons/katana"},{"type":"single","resource":"outmodedpvp_weapons:mediaeval_weapons/crude_shortsword"},{"type":"single","resource":"outmodedpvp_weapons:mediaeval_weapons/nordic_axe"},{"type":"single","resource":"z_cosmetics:cursor_pointer"},{"type":"single","resource":"outmodedpvp_weapons:magic_items/trinkets/iron_trinket_gold"},{"type":"single","resource":"cosmetics:body/flanged_war_hammer"},{"type":"single","resource":"outmodedpvp_weapons:magic_items/trinkets/gold_trinket_emerald"},{"type":"single","resource":"mypvpzmisc:jump_orb"},{"type":"single","resource":"cosmetics:hat/ninja_headband"},{"type":"single","resource":"outmodedpvp_weapons:mediaeval_weapons/legendary/chrysus_xiphos"},{"type":"single","resource":"cosmetics:body/battle_axe"},{"type":"single","resource":"outmodedpvp_weapons:magic_items/trinkets/gold_trinket_amethyst"},{"type":"single","resource":"outmodedpvp_weapons:magic_items/trinkets/iron_trinket_diamond"},{"type":"single","resource":"cosmetics:hat/sombrero"},{"type":"single","resource":"cosmetics:hat/witch_hat"},{"type":"single","resource":"outmodedpvp_weapons:mediaeval_weapons/saber"},{"type":"single","resource":"mypvpzgui:arrow_left_gui"},{"type":"single","resource":"mypvpzmisc:gold_lootbag"},{"type":"single","resource":"cosmetics:entity/amogus_body_icon"},{"type":"single","resource":"_iainternal:icons/icon_cancel"},{"type":"single","resource":"outmodedpvp_weapons:mediaeval_weapons/battle_axe"},{"type":"single","resource":"outmodedpvp_weapons:magic_items/trinkets/ruby"},{"type":"single","resource":"cosmetics:body/saber"},{"type":"single","resource":"cosmetics:hat/top_hat"},{"type":"single","resource":"_iainternal:icons/icon_back_orange"},{"type":"single","resource":"outmodedpvp_weapons:mediaeval_weapons/iron_axe"},{"type":"single","resource":"_iainternal:icons/icon_arrow_chest"},{"type":"single","resource":"z_cosmetics:tutorial_dont_show_again"},{"type":"single","resource":"mypvpzmisc:rum"},{"type":"single","resource":"mypvpzmisc:gold_coin"},{"type":"single","resource":"cosmetics:hat/punk_hair"},{"type":"single","resource":"cosmetics:hat/horns"},{"type":"single","resource":"outmodedpvp_weapons:mediaeval_weapons/spiked_mace"},{"type":"single","resource":"_iainternal:icons/icon_search"},{"type":"single","resource":"_iainternal:icons/icon_right_blue"},{"type":"single","resource":"z_cosmetics:tutorial"},{"type":"single","resource":"mypvpzmisc:heart_orb"},{"type":"single","resource":"outmodedpvp_weapons:magic_items/magic_shard"},{"type":"single","resource":"z_cosmetics:fullscreen_black_item"},{"type":"single","resource":"outmodedpvp_weapons:mediaeval_weapons/flanged_war_hammer"},{"type":"single","resource":"cosmetics:entity/amogus/amogus"},{"type":"single","resource":"mypvpzmisc:explosive_arrow"},{"type":"single","resource":"cosmetics:body/legendary/whispering_scythe"},{"type":"single","resource":"cosmetics:hat/crown"},{"type":"single","resource":"mypvpzmisc:iron_flower"},{"type":"single","resource":"cosmetics:hat/party_glasses"},{"type":"single","resource":"cosmetics:hat/cat_ears"},{"type":"single","resource":"outmodedpvp_weapons:mediaeval_weapons/scythe"},{"type":"single","resource":"outmodedpvp_weapons:magic_items/trinkets/ruby_nugget"},{"type":"single","resource":"cosmetics:entity/amogus_eye_icon"}]}