{
	"credit": "Made with Blockbench",
	"texture_size": [32, 32],
	"textures": {
		"0": "cosmetics:body/crude_shortsword"
	},
	"elements": [
		{
			"name": "Sprite-0006_0",
			"from": [12, 13, 0],
			"to": [16, 16, 1],
			"faces": {
				"north": {"uv": [0, 0, 2, 1.5], "texture": "#0"},
				"east": {"uv": [1.5, 3, 2, 4.5], "texture": "#0"},
				"south": {"uv": [0, 1.5, 2, 3], "texture": "#0"},
				"west": {"uv": [8.5, 1.5, 9, 3], "texture": "#0"},
				"up": {"uv": [6, 0.5, 4, 0], "texture": "#0"},
				"down": {"uv": [10.5, 0, 8.5, 0.5], "texture": "#0"}
			}
		},
		{
			"name": "Sprite-0006_1",
			"from": [11, 8, 0],
			"to": [12, 15, 1],
			"faces": {
				"north": {"uv": [2, 0, 2.5, 3.5], "texture": "#0"},
				"east": {"uv": [2.5, 0, 3, 3.5], "texture": "#0"},
				"south": {"uv": [0, 3, 0.5, 6.5], "texture": "#0"},
				"west": {"uv": [0.5, 3, 1, 6.5], "texture": "#0"},
				"up": {"uv": [2.5, 4, 2, 3.5], "texture": "#0"},
				"down": {"uv": [4.5, 1.5, 4, 2], "texture": "#0"}
			}
		},
		{
			"name": "Sprite-0006_2",
			"from": [10, 8, 0],
			"to": [11, 14, 1],
			"faces": {
				"north": {"uv": [3, 0, 3.5, 3], "texture": "#0"},
				"east": {"uv": [1, 3, 1.5, 6], "texture": "#0"},
				"south": {"uv": [6.5, 2.5, 7, 5.5], "texture": "#0"},
				"west": {"uv": [3, 6.5, 3.5, 9.5], "texture": "#0"},
				"up": {"uv": [5.5, 1, 5, 0.5], "texture": "#0"},
				"down": {"uv": [0.5, 6.5, 0, 7], "texture": "#0"}
			}
		},
		{
			"name": "Sprite-0006_3",
			"from": [9, 7, 0],
			"to": [10, 13, 1],
			"faces": {
				"north": {"uv": [6.5, 5.5, 7, 8.5], "texture": "#0"},
				"east": {"uv": [1.5, 7, 2, 10], "texture": "#0"},
				"south": {"uv": [7, 2, 7.5, 5], "texture": "#0"},
				"west": {"uv": [7, 5, 7.5, 8], "texture": "#0"},
				"up": {"uv": [2, 10.5, 1.5, 10], "texture": "#0"},
				"down": {"uv": [10.5, 1.5, 10, 2], "texture": "#0"}
			}
		},
		{
			"name": "Sprite-0006_4",
			"from": [12, 11, 0],
			"to": [14, 13, 1],
			"faces": {
				"north": {"uv": [4, 0.5, 5, 1.5], "texture": "#0"},
				"east": {"uv": [9, 6.5, 9.5, 7.5], "texture": "#0"},
				"south": {"uv": [8.5, 0.5, 9.5, 1.5], "texture": "#0"},
				"west": {"uv": [9, 7.5, 9.5, 8.5], "texture": "#0"},
				"up": {"uv": [9.5, 9.5, 8.5, 9], "texture": "#0"},
				"down": {"uv": [10, 8.5, 9, 9], "texture": "#0"}
			}
		},
		{
			"name": "Sprite-0006_5",
			"from": [14, 12, 0],
			"to": [15, 13, 1],
			"faces": {
				"north": {"uv": [2, 10, 2.5, 10.5], "texture": "#0"},
				"east": {"uv": [10, 2, 10.5, 2.5], "texture": "#0"},
				"south": {"uv": [2.5, 10, 3, 10.5], "texture": "#0"},
				"west": {"uv": [10, 2.5, 10.5, 3], "texture": "#0"},
				"up": {"uv": [10.5, 3.5, 10, 3], "texture": "#0"},
				"down": {"uv": [10.5, 3.5, 10, 4], "texture": "#0"}
			}
		},
		{
			"name": "Sprite-0006_6",
			"from": [8, 6, 0],
			"to": [9, 12, 1],
			"faces": {
				"north": {"uv": [6, 7, 6.5, 10], "texture": "#0"},
				"east": {"uv": [1, 7.5, 1.5, 10.5], "texture": "#0"},
				"south": {"uv": [7.5, 1.5, 8, 4.5], "texture": "#0"},
				"west": {"uv": [7.5, 4.5, 8, 7.5], "texture": "#0"},
				"up": {"uv": [4.5, 10.5, 4, 10], "texture": "#0"},
				"down": {"uv": [10.5, 4, 10, 4.5], "texture": "#0"}
			}
		},
		{
			"name": "Sprite-0006_7",
			"from": [7, 4, 0],
			"to": [8, 11, 1],
			"faces": {
				"north": {"uv": [4.5, 4.5, 5, 8], "texture": "#0"},
				"east": {"uv": [4, 5, 4.5, 8.5], "texture": "#0"},
				"south": {"uv": [5, 4, 5.5, 7.5], "texture": "#0"},
				"west": {"uv": [5.5, 4, 6, 7.5], "texture": "#0"},
				"up": {"uv": [6.5, 10.5, 6, 10], "texture": "#0"},
				"down": {"uv": [7, 10, 6.5, 10.5], "texture": "#0"}
			}
		},
		{
			"name": "Sprite-0006_8",
			"from": [12, 9, 0],
			"to": [13, 11, 1],
			"faces": {
				"north": {"uv": [9.5, 0.5, 10, 1.5], "texture": "#0"},
				"east": {"uv": [9.5, 1.5, 10, 2.5], "texture": "#0"},
				"south": {"uv": [9.5, 2.5, 10, 3.5], "texture": "#0"},
				"west": {"uv": [3, 9.5, 3.5, 10.5], "texture": "#0"},
				"up": {"uv": [10.5, 7, 10, 6.5], "texture": "#0"},
				"down": {"uv": [10.5, 7, 10, 7.5], "texture": "#0"}
			}
		},
		{
			"name": "Sprite-0006_9",
			"from": [6, 3, 0],
			"to": [7, 10, 1],
			"faces": {
				"north": {"uv": [3.5, 6, 4, 9.5], "texture": "#0"},
				"east": {"uv": [6, 3.5, 6.5, 7], "texture": "#0"},
				"south": {"uv": [2, 6.5, 2.5, 10], "texture": "#0"},
				"west": {"uv": [2.5, 6.5, 3, 10], "texture": "#0"},
				"up": {"uv": [10.5, 8, 10, 7.5], "texture": "#0"},
				"down": {"uv": [8.5, 10, 8, 10.5], "texture": "#0"}
			}
		},
		{
			"name": "Sprite-0006_10",
			"from": [5, 3, 0],
			"to": [6, 9, 1],
			"faces": {
				"north": {"uv": [5, 7.5, 5.5, 10.5], "texture": "#0"},
				"east": {"uv": [5.5, 7.5, 6, 10.5], "texture": "#0"},
				"south": {"uv": [7.5, 7.5, 8, 10.5], "texture": "#0"},
				"west": {"uv": [0, 8, 0.5, 11], "texture": "#0"},
				"up": {"uv": [10.5, 8.5, 10, 8], "texture": "#0"},
				"down": {"uv": [10.5, 8.5, 10, 9], "texture": "#0"}
			}
		},
		{
			"name": "Sprite-0006_11",
			"from": [4, 3, 0],
			"to": [5, 8, 1],
			"faces": {
				"north": {"uv": [3.5, 0, 4, 2.5], "texture": "#0"},
				"east": {"uv": [8, 0, 8.5, 2.5], "texture": "#0"},
				"south": {"uv": [0.5, 8, 1, 10.5], "texture": "#0"},
				"west": {"uv": [8, 2.5, 8.5, 5], "texture": "#0"},
				"up": {"uv": [10.5, 9.5, 10, 9], "texture": "#0"},
				"down": {"uv": [10, 10, 9.5, 10.5], "texture": "#0"}
			}
		},
		{
			"name": "Sprite-0006_12",
			"from": [3, 2, 0],
			"to": [4, 7, 1],
			"faces": {
				"north": {"uv": [4.5, 8, 5, 10.5], "texture": "#0"},
				"east": {"uv": [8, 5, 8.5, 7.5], "texture": "#0"},
				"south": {"uv": [7, 8, 7.5, 10.5], "texture": "#0"},
				"west": {"uv": [8, 7.5, 8.5, 10], "texture": "#0"},
				"up": {"uv": [10.5, 10, 10, 9.5], "texture": "#0"},
				"down": {"uv": [10.5, 10, 10, 10.5], "texture": "#0"}
			}
		},
		{
			"name": "Sprite-0006_13",
			"from": [2, 1, 0],
			"to": [3, 4, 1],
			"faces": {
				"north": {"uv": [8.5, 3, 9, 4.5], "texture": "#0"},
				"east": {"uv": [4, 8.5, 4.5, 10], "texture": "#0"},
				"south": {"uv": [8.5, 4.5, 9, 6], "texture": "#0"},
				"west": {"uv": [8.5, 6, 9, 7.5], "texture": "#0"},
				"up": {"uv": [11, 0.5, 10.5, 0], "texture": "#0"},
				"down": {"uv": [1, 10.5, 0.5, 11], "texture": "#0"}
			}
		},
		{
			"name": "Sprite-0006_14",
			"from": [1, 0, 0],
			"to": [2, 3, 1],
			"faces": {
				"north": {"uv": [6.5, 8.5, 7, 10], "texture": "#0"},
				"east": {"uv": [8.5, 7.5, 9, 9], "texture": "#0"},
				"south": {"uv": [9, 1.5, 9.5, 3], "texture": "#0"},
				"west": {"uv": [9, 3, 9.5, 4.5], "texture": "#0"},
				"up": {"uv": [11, 1, 10.5, 0.5], "texture": "#0"},
				"down": {"uv": [1.5, 10.5, 1, 11], "texture": "#0"}
			}
		},
		{
			"name": "Sprite-0006_15",
			"from": [0, 0, 0],
			"to": [1, 2, 1],
			"faces": {
				"north": {"uv": [3.5, 9.5, 4, 10.5], "texture": "#0"},
				"east": {"uv": [9.5, 3.5, 10, 4.5], "texture": "#0"},
				"south": {"uv": [9.5, 6.5, 10, 7.5], "texture": "#0"},
				"west": {"uv": [9.5, 7.5, 10, 8.5], "texture": "#0"},
				"up": {"uv": [11, 1.5, 10.5, 1], "texture": "#0"},
				"down": {"uv": [2, 10.5, 1.5, 11], "texture": "#0"}
			}
		},
		{
			"name": "Sprite-0005_0",
			"from": [13, 16, 0],
			"to": [16, 17, 1],
			"faces": {
				"north": {"uv": [9, 4.5, 10.5, 5], "texture": "#0"},
				"east": {"uv": [10.5, 1.5, 11, 2], "texture": "#0"},
				"south": {"uv": [9, 5, 10.5, 5.5], "texture": "#0"},
				"west": {"uv": [2, 10.5, 2.5, 11], "texture": "#0"},
				"up": {"uv": [10.5, 6, 9, 5.5], "texture": "#0"},
				"down": {"uv": [10.5, 6, 9, 6.5], "texture": "#0"}
			}
		},
		{
			"name": "Sprite-0007_0",
			"from": [16, 14, 0],
			"to": [17, 16, 1],
			"faces": {
				"north": {"uv": [8.5, 9.5, 9, 10.5], "texture": "#0"},
				"east": {"uv": [9, 9.5, 9.5, 10.5], "texture": "#0"},
				"south": {"uv": [9.5, 9, 10, 10], "texture": "#0"},
				"west": {"uv": [10, 0.5, 10.5, 1.5], "texture": "#0"},
				"up": {"uv": [11, 2.5, 10.5, 2], "texture": "#0"},
				"down": {"uv": [3, 10.5, 2.5, 11], "texture": "#0"}
			}
		},
		{
			"name": "Sprite-0008_0",
			"from": [16, 16, 0],
			"to": [17, 17, 1],
			"faces": {
				"north": {"uv": [10.5, 2.5, 11, 3], "texture": "#0"},
				"east": {"uv": [3, 10.5, 3.5, 11], "texture": "#0"},
				"south": {"uv": [10.5, 3, 11, 3.5], "texture": "#0"},
				"west": {"uv": [3.5, 10.5, 4, 11], "texture": "#0"},
				"up": {"uv": [11, 4, 10.5, 3.5], "texture": "#0"},
				"down": {"uv": [4.5, 10.5, 4, 11], "texture": "#0"}
			}
		}
	],
	"gui_light": "front",
	"display": {
		"thirdperson_righthand": {
			"rotation": [0, -90, 40],
			"translation": [-7.5, 6.25, 2.5]
		},
		"thirdperson_lefthand": {
			"rotation": [0, 90, -40],
			"translation": [7.5, 6.25, 2.5]
		},
		"firstperson_righthand": {
			"rotation": [0, -90, 50],
			"translation": [-4, 4, -2.5]
		},
		"firstperson_lefthand": {
			"rotation": [0, 90, -50],
			"translation": [10.5, 4, -2.5]
		},
		"ground": {
			"translation": [0, 4.25, 7]
		},
		"gui": {
			"translation": [-0.75, -0.75, 1],
			"scale": [0.89, 0.89, 1]
		},
		"head": {
			"rotation": [180, 91, 0],
			"translation": [0, -73.75, 0]
		},
		"fixed": {
			"translation": [-0.75, -0.75, 7]
		}
	},
	"groups": [
		{
			"name": "Sprite-0006",
			"origin": [8, 8, 8],
			"color": 0,
			"children": [0, 1, 2, 3, 4, 5, 6, 7, 8, 9, 10, 11, 12, 13, 14, 15]
		},
		{
			"name": "Sprite-0005",
			"origin": [8, 8, 8],
			"color": 0,
			"children": [16]
		},
		{
			"name": "Sprite-0007",
			"origin": [8, 8, 8],
			"color": 0,
			"children": [17]
		},
		{
			"name": "Sprite-0008",
			"origin": [8, 8, 8],
			"color": 0,
			"children": [18]
		}
	]
}