{
	"credit": "Made with Blockbench",
	"texture_size": [32, 32],
	"textures": {
		"0": "cosmetics:body/longsword"
	},
	"elements": [
		{
			"name": "longsword - Copy-eexpeort_0",
			"from": [12, 12, 0],
			"to": [16, 16, 1],
			"faces": {
				"north": {"uv": [0, 0, 2, 2], "texture": "#0"},
				"east": {"uv": [2, 3, 2.5, 5], "texture": "#0"},
				"south": {"uv": [0, 2, 2, 4], "texture": "#0"},
				"west": {"uv": [11.5, 2.5, 12, 4.5], "texture": "#0"},
				"up": {"uv": [13.5, 5, 11.5, 4.5], "texture": "#0"},
				"down": {"uv": [13.5, 5, 11.5, 5.5], "texture": "#0"}
			}
		},
		{
			"name": "longsword - Copy-eexpeort_1",
			"from": [11, 8, 0],
			"to": [12, 15, 1],
			"faces": {
				"north": {"uv": [7.5, 2, 8, 5.5], "texture": "#0"},
				"east": {"uv": [3, 7.5, 3.5, 11], "texture": "#0"},
				"south": {"uv": [3.5, 7.5, 4, 11], "texture": "#0"},
				"west": {"uv": [4, 7.5, 4.5, 11], "texture": "#0"},
				"up": {"uv": [4.5, 2, 4, 1.5], "texture": "#0"},
				"down": {"uv": [6, 0, 5.5, 0.5], "texture": "#0"}
			}
		},
		{
			"name": "longsword - Copy-eexpeort_2",
			"from": [10, 4, 0],
			"to": [11, 14, 1],
			"faces": {
				"north": {"uv": [2.5, 6, 3, 11], "texture": "#0"},
				"east": {"uv": [6, 3.5, 6.5, 8.5], "texture": "#0"},
				"south": {"uv": [5, 6, 5.5, 11], "texture": "#0"},
				"west": {"uv": [5.5, 6, 6, 11], "texture": "#0"},
				"up": {"uv": [1.5, 6, 1, 5.5], "texture": "#0"},
				"down": {"uv": [7.5, 2.5, 7, 3], "texture": "#0"}
			}
		},
		{
			"name": "longsword - Copy-eexpeort_3",
			"from": [9, 5, 0],
			"to": [10, 13, 1],
			"faces": {
				"north": {"uv": [2, 6.5, 2.5, 10.5], "texture": "#0"},
				"east": {"uv": [6.5, 5.5, 7, 9.5], "texture": "#0"},
				"south": {"uv": [1.5, 7, 2, 11], "texture": "#0"},
				"west": {"uv": [7, 5.5, 7.5, 9.5], "texture": "#0"},
				"up": {"uv": [13.5, 7.5, 13, 7], "texture": "#0"},
				"down": {"uv": [6.5, 14, 6, 14.5], "texture": "#0"}
			}
		},
		{
			"name": "longsword - Copy-eexpeort_4",
			"from": [4, 10, 0],
			"to": [6, 12, 1],
			"faces": {
				"north": {"uv": [11.5, 5.5, 12.5, 6.5], "texture": "#0"},
				"east": {"uv": [2.5, 3.5, 3, 4.5], "texture": "#0"},
				"south": {"uv": [11.5, 6.5, 12.5, 7.5], "texture": "#0"},
				"west": {"uv": [5, 0, 5.5, 1], "texture": "#0"},
				"up": {"uv": [4, 2.5, 3, 2], "texture": "#0"},
				"down": {"uv": [4.5, 5, 3.5, 5.5], "texture": "#0"}
			}
		},
		{
			"name": "longsword - Copy-eexpeort_5",
			"from": [8, 6, 0],
			"to": [9, 12, 1],
			"faces": {
				"north": {"uv": [2.5, 11, 3, 14], "texture": "#0"},
				"east": {"uv": [3, 11, 3.5, 14], "texture": "#0"},
				"south": {"uv": [3.5, 11, 4, 14], "texture": "#0"},
				"west": {"uv": [11, 3.5, 11.5, 6.5], "texture": "#0"},
				"up": {"uv": [14.5, 7, 14, 6.5], "texture": "#0"},
				"down": {"uv": [14.5, 7, 14, 7.5], "texture": "#0"}
			}
		},
		{
			"name": "longsword - Copy-eexpeort_6",
			"from": [12, 10, 0],
			"to": [14, 12, 1],
			"faces": {
				"north": {"uv": [11.5, 7.5, 12.5, 8.5], "texture": "#0"},
				"east": {"uv": [5.5, 4, 6, 5], "texture": "#0"},
				"south": {"uv": [11.5, 8.5, 12.5, 9.5], "texture": "#0"},
				"west": {"uv": [13, 3, 13.5, 4], "texture": "#0"},
				"up": {"uv": [14.5, 3.5, 13.5, 3], "texture": "#0"},
				"down": {"uv": [14.5, 3.5, 13.5, 4], "texture": "#0"}
			}
		},
		{
			"name": "longsword - Copy-eexpeort_7",
			"from": [14, 11, 0],
			"to": [15, 12, 1],
			"faces": {
				"north": {"uv": [7.5, 14, 8, 14.5], "texture": "#0"},
				"east": {"uv": [14, 7.5, 14.5, 8], "texture": "#0"},
				"south": {"uv": [8, 14, 8.5, 14.5], "texture": "#0"},
				"west": {"uv": [14, 8, 14.5, 8.5], "texture": "#0"},
				"up": {"uv": [9, 14.5, 8.5, 14], "texture": "#0"},
				"down": {"uv": [14.5, 8.5, 14, 9], "texture": "#0"}
			}
		},
		{
			"name": "longsword - Copy-eexpeort_8",
			"from": [6, 6, 0],
			"to": [8, 11, 1],
			"faces": {
				"north": {"uv": [0, 4, 1, 6.5], "texture": "#0"},
				"east": {"uv": [11, 6.5, 11.5, 9], "texture": "#0"},
				"south": {"uv": [6.5, 3, 7.5, 5.5], "texture": "#0"},
				"west": {"uv": [11, 9, 11.5, 11.5], "texture": "#0"},
				"up": {"uv": [14.5, 9.5, 13.5, 9], "texture": "#0"},
				"down": {"uv": [14.5, 11.5, 13.5, 12], "texture": "#0"}
			}
		},
		{
			"name": "longsword - Copy-eexpeort_9",
			"from": [5, 9, 0],
			"to": [6, 10, 1],
			"faces": {
				"north": {"uv": [9, 14, 9.5, 14.5], "texture": "#0"},
				"east": {"uv": [9.5, 14, 10, 14.5], "texture": "#0"},
				"south": {"uv": [14, 9.5, 14.5, 10], "texture": "#0"},
				"west": {"uv": [10, 14, 10.5, 14.5], "texture": "#0"},
				"up": {"uv": [14.5, 10.5, 14, 10], "texture": "#0"},
				"down": {"uv": [11, 14, 10.5, 14.5], "texture": "#0"}
			}
		},
		{
			"name": "longsword - Copy-eexpeort_10",
			"from": [12, 9, 0],
			"to": [13, 10, 1],
			"faces": {
				"north": {"uv": [14, 10.5, 14.5, 11], "texture": "#0"},
				"east": {"uv": [14, 11, 14.5, 11.5], "texture": "#0"},
				"south": {"uv": [12, 14, 12.5, 14.5], "texture": "#0"},
				"west": {"uv": [14, 12, 14.5, 12.5], "texture": "#0"},
				"up": {"uv": [14.5, 13, 14, 12.5], "texture": "#0"},
				"down": {"uv": [14.5, 13, 14, 13.5], "texture": "#0"}
			}
		},
		{
			"name": "longsword - Copy-eexpeort_11",
			"from": [5, 4, 0],
			"to": [6, 7, 1],
			"faces": {
				"north": {"uv": [7.5, 12.5, 8, 14], "texture": "#0"},
				"east": {"uv": [12.5, 12, 13, 13.5], "texture": "#0"},
				"south": {"uv": [13, 0, 13.5, 1.5], "texture": "#0"},
				"west": {"uv": [13, 1.5, 13.5, 3], "texture": "#0"},
				"up": {"uv": [14, 14.5, 13.5, 14], "texture": "#0"},
				"down": {"uv": [14.5, 13.5, 14, 14], "texture": "#0"}
			}
		},
		{
			"name": "longsword - Copy-eexpeort_12",
			"from": [4, 3, 0],
			"to": [5, 6, 1],
			"faces": {
				"north": {"uv": [13, 5.5, 13.5, 7], "texture": "#0"},
				"east": {"uv": [6.5, 13, 7, 14.5], "texture": "#0"},
				"south": {"uv": [7, 13, 7.5, 14.5], "texture": "#0"},
				"west": {"uv": [13, 10, 13.5, 11.5], "texture": "#0"},
				"up": {"uv": [14.5, 14.5, 14, 14], "texture": "#0"},
				"down": {"uv": [1, 14.5, 0.5, 15], "texture": "#0"}
			}
		},
		{
			"name": "longsword - Copy-eexpeort_13",
			"from": [6, 5, 0],
			"to": [7, 6, 1],
			"faces": {
				"north": {"uv": [14.5, 0.5, 15, 1], "texture": "#0"},
				"east": {"uv": [1, 14.5, 1.5, 15], "texture": "#0"},
				"south": {"uv": [14.5, 1, 15, 1.5], "texture": "#0"},
				"west": {"uv": [1.5, 14.5, 2, 15], "texture": "#0"},
				"up": {"uv": [15, 2, 14.5, 1.5], "texture": "#0"},
				"down": {"uv": [2.5, 14.5, 2, 15], "texture": "#0"}
			}
		},
		{
			"name": "longsword - Copy-eexpeort_14",
			"from": [11, 4, 0],
			"to": [12, 6, 1],
			"faces": {
				"north": {"uv": [13.5, 12, 14, 13], "texture": "#0"},
				"east": {"uv": [12.5, 13.5, 13, 14.5], "texture": "#0"},
				"south": {"uv": [13.5, 13, 14, 14], "texture": "#0"},
				"west": {"uv": [0, 14, 0.5, 15], "texture": "#0"},
				"up": {"uv": [15, 2.5, 14.5, 2], "texture": "#0"},
				"down": {"uv": [3, 14.5, 2.5, 15], "texture": "#0"}
			}
		},
		{
			"name": "longsword - Copy-eexpeort_15",
			"from": [3, 2, 0],
			"to": [4, 5, 1],
			"faces": {
				"north": {"uv": [13, 11.5, 13.5, 13], "texture": "#0"},
				"east": {"uv": [13, 13, 13.5, 14.5], "texture": "#0"},
				"south": {"uv": [13.5, 0, 14, 1.5], "texture": "#0"},
				"west": {"uv": [13.5, 1.5, 14, 3], "texture": "#0"},
				"up": {"uv": [15, 3.5, 14.5, 3], "texture": "#0"},
				"down": {"uv": [15, 3.5, 14.5, 4], "texture": "#0"}
			}
		},
		{
			"name": "longsword - Copy-eexpeort_16",
			"from": [2, 0, 0],
			"to": [3, 4, 1],
			"faces": {
				"north": {"uv": [11.5, 9.5, 12, 11.5], "texture": "#0"},
				"east": {"uv": [11, 11.5, 11.5, 13.5], "texture": "#0"},
				"south": {"uv": [11.5, 11.5, 12, 13.5], "texture": "#0"},
				"west": {"uv": [12, 0, 12.5, 2], "texture": "#0"},
				"up": {"uv": [4.5, 15, 4, 14.5], "texture": "#0"},
				"down": {"uv": [5, 14.5, 4.5, 15], "texture": "#0"}
			}
		},
		{
			"name": "longsword - Copy-eexpeort_17",
			"from": [0, 0, 0],
			"to": [2, 3, 1],
			"faces": {
				"north": {"uv": [4, 0, 5, 1.5], "texture": "#0"},
				"east": {"uv": [13.5, 4.5, 14, 6], "texture": "#0"},
				"south": {"uv": [1, 4, 2, 5.5], "texture": "#0"},
				"west": {"uv": [13.5, 6, 14, 7.5], "texture": "#0"},
				"up": {"uv": [15, 0.5, 14, 0], "texture": "#0"},
				"down": {"uv": [1.5, 14, 0.5, 14.5], "texture": "#0"}
			}
		},
		{
			"name": "longsword - Copy-export_0",
			"from": [28, 28, 0],
			"to": [32, 32, 1],
			"faces": {
				"north": {"uv": [2, 0, 4, 2], "texture": "#0"},
				"east": {"uv": [12, 2, 12.5, 4], "texture": "#0"},
				"south": {"uv": [3, 5.5, 5, 7.5], "texture": "#0"},
				"west": {"uv": [6, 12, 6.5, 14], "texture": "#0"},
				"up": {"uv": [14, 4.5, 12, 4], "texture": "#0"},
				"down": {"uv": [14, 9.5, 12, 10], "texture": "#0"}
			}
		},
		{
			"name": "longsword - Copy-export_1",
			"from": [27, 24, 0],
			"to": [28, 31, 1],
			"faces": {
				"north": {"uv": [4.5, 7.5, 5, 11], "texture": "#0"},
				"east": {"uv": [7.5, 5.5, 8, 9], "texture": "#0"},
				"south": {"uv": [0, 8, 0.5, 11.5], "texture": "#0"},
				"west": {"uv": [8, 0, 8.5, 3.5], "texture": "#0"},
				"up": {"uv": [15, 5, 14.5, 4.5], "texture": "#0"},
				"down": {"uv": [15, 5, 14.5, 5.5], "texture": "#0"}
			}
		},
		{
			"name": "longsword - Copy-export_2",
			"from": [26, 23, 0],
			"to": [27, 30, 1],
			"faces": {
				"north": {"uv": [0.5, 8, 1, 11.5], "texture": "#0"},
				"east": {"uv": [1, 8, 1.5, 11.5], "texture": "#0"},
				"south": {"uv": [8, 3.5, 8.5, 7], "texture": "#0"},
				"west": {"uv": [8, 7, 8.5, 10.5], "texture": "#0"},
				"up": {"uv": [15, 6, 14.5, 5.5], "texture": "#0"},
				"down": {"uv": [6.5, 14.5, 6, 15], "texture": "#0"}
			}
		},
		{
			"name": "longsword - Copy-export_3",
			"from": [25, 22, 0],
			"to": [26, 29, 1],
			"faces": {
				"north": {"uv": [8.5, 0, 9, 3.5], "texture": "#0"},
				"east": {"uv": [8.5, 3.5, 9, 7], "texture": "#0"},
				"south": {"uv": [6, 8.5, 6.5, 12], "texture": "#0"},
				"west": {"uv": [8.5, 7, 9, 10.5], "texture": "#0"},
				"up": {"uv": [15, 6.5, 14.5, 6], "texture": "#0"},
				"down": {"uv": [7, 14.5, 6.5, 15], "texture": "#0"}
			}
		},
		{
			"name": "longsword - Copy-export_4",
			"from": [24, 21, 0],
			"to": [25, 28, 1],
			"faces": {
				"north": {"uv": [9, 0, 9.5, 3.5], "texture": "#0"},
				"east": {"uv": [9, 3.5, 9.5, 7], "texture": "#0"},
				"south": {"uv": [9, 7, 9.5, 10.5], "texture": "#0"},
				"west": {"uv": [7.5, 9, 8, 12.5], "texture": "#0"},
				"up": {"uv": [15, 7, 14.5, 6.5], "texture": "#0"},
				"down": {"uv": [7.5, 14.5, 7, 15], "texture": "#0"}
			}
		},
		{
			"name": "longsword - Copy-export_5",
			"from": [28, 26, 0],
			"to": [30, 28, 1],
			"faces": {
				"north": {"uv": [12, 10, 13, 11], "texture": "#0"},
				"east": {"uv": [14, 0.5, 14.5, 1.5], "texture": "#0"},
				"south": {"uv": [12, 11, 13, 12], "texture": "#0"},
				"west": {"uv": [14, 1.5, 14.5, 2.5], "texture": "#0"},
				"up": {"uv": [3, 14.5, 2, 14], "texture": "#0"},
				"down": {"uv": [15, 2.5, 14, 3], "texture": "#0"}
			}
		},
		{
			"name": "longsword - Copy-export_6",
			"from": [30, 27, 0],
			"to": [31, 28, 1],
			"faces": {
				"north": {"uv": [14.5, 7, 15, 7.5], "texture": "#0"},
				"east": {"uv": [7.5, 14.5, 8, 15], "texture": "#0"},
				"south": {"uv": [14.5, 7.5, 15, 8], "texture": "#0"},
				"west": {"uv": [8, 14.5, 8.5, 15], "texture": "#0"},
				"up": {"uv": [15, 8.5, 14.5, 8], "texture": "#0"},
				"down": {"uv": [9, 14.5, 8.5, 15], "texture": "#0"}
			}
		},
		{
			"name": "longsword - Copy-export_7",
			"from": [23, 20, 0],
			"to": [24, 27, 1],
			"faces": {
				"north": {"uv": [9.5, 0, 10, 3.5], "texture": "#0"},
				"east": {"uv": [9.5, 3.5, 10, 7], "texture": "#0"},
				"south": {"uv": [6.5, 9.5, 7, 13], "texture": "#0"},
				"west": {"uv": [7, 9.5, 7.5, 13], "texture": "#0"},
				"up": {"uv": [15, 9, 14.5, 8.5], "texture": "#0"},
				"down": {"uv": [9.5, 14.5, 9, 15], "texture": "#0"}
			}
		},
		{
			"name": "longsword - Copy-export_8",
			"from": [22, 19, 0],
			"to": [23, 26, 1],
			"faces": {
				"north": {"uv": [9.5, 7, 10, 10.5], "texture": "#0"},
				"east": {"uv": [10, 0, 10.5, 3.5], "texture": "#0"},
				"south": {"uv": [10, 3.5, 10.5, 7], "texture": "#0"},
				"west": {"uv": [10, 7, 10.5, 10.5], "texture": "#0"},
				"up": {"uv": [15, 9.5, 14.5, 9], "texture": "#0"},
				"down": {"uv": [10, 14.5, 9.5, 15], "texture": "#0"}
			}
		},
		{
			"name": "longsword - Copy-export_9",
			"from": [28, 25, 0],
			"to": [29, 26, 1],
			"faces": {
				"north": {"uv": [14.5, 9.5, 15, 10], "texture": "#0"},
				"east": {"uv": [10, 14.5, 10.5, 15], "texture": "#0"},
				"south": {"uv": [14.5, 10, 15, 10.5], "texture": "#0"},
				"west": {"uv": [10.5, 14.5, 11, 15], "texture": "#0"},
				"up": {"uv": [15, 11, 14.5, 10.5], "texture": "#0"},
				"down": {"uv": [15, 11, 14.5, 11.5], "texture": "#0"}
			}
		},
		{
			"name": "longsword - Copy-export_10",
			"from": [21, 18, 0],
			"to": [22, 25, 1],
			"faces": {
				"north": {"uv": [10.5, 0, 11, 3.5], "texture": "#0"},
				"east": {"uv": [2, 10.5, 2.5, 14], "texture": "#0"},
				"south": {"uv": [10.5, 3.5, 11, 7], "texture": "#0"},
				"west": {"uv": [10.5, 7, 11, 10.5], "texture": "#0"},
				"up": {"uv": [15, 12, 14.5, 11.5], "texture": "#0"},
				"down": {"uv": [12.5, 14.5, 12, 15], "texture": "#0"}
			}
		},
		{
			"name": "longsword - Copy-export_11",
			"from": [20, 17, 0],
			"to": [21, 24, 1],
			"faces": {
				"north": {"uv": [8, 10.5, 8.5, 14], "texture": "#0"},
				"east": {"uv": [8.5, 10.5, 9, 14], "texture": "#0"},
				"south": {"uv": [9, 10.5, 9.5, 14], "texture": "#0"},
				"west": {"uv": [9.5, 10.5, 10, 14], "texture": "#0"},
				"up": {"uv": [15, 12.5, 14.5, 12], "texture": "#0"},
				"down": {"uv": [13, 14.5, 12.5, 15], "texture": "#0"}
			}
		},
		{
			"name": "longsword - Copy-export_12",
			"from": [19, 16, 0],
			"to": [20, 23, 1],
			"faces": {
				"north": {"uv": [10, 10.5, 10.5, 14], "texture": "#0"},
				"east": {"uv": [10.5, 10.5, 11, 14], "texture": "#0"},
				"south": {"uv": [11, 0, 11.5, 3.5], "texture": "#0"},
				"west": {"uv": [1.5, 11, 2, 14.5], "texture": "#0"},
				"up": {"uv": [15, 13, 14.5, 12.5], "texture": "#0"},
				"down": {"uv": [13.5, 14.5, 13, 15], "texture": "#0"}
			}
		},
		{
			"name": "longsword - Copy-export_13",
			"from": [18, 16, 0],
			"to": [19, 22, 1],
			"faces": {
				"north": {"uv": [4, 11, 4.5, 14], "texture": "#0"},
				"east": {"uv": [4.5, 11, 5, 14], "texture": "#0"},
				"south": {"uv": [5, 11, 5.5, 14], "texture": "#0"},
				"west": {"uv": [5.5, 11, 6, 14], "texture": "#0"},
				"up": {"uv": [15, 13.5, 14.5, 13], "texture": "#0"},
				"down": {"uv": [14, 14.5, 13.5, 15], "texture": "#0"}
			}
		},
		{
			"name": "longsword - Copy-export_14",
			"from": [17, 16, 0],
			"to": [18, 21, 1],
			"faces": {
				"north": {"uv": [0, 11.5, 0.5, 14], "texture": "#0"},
				"east": {"uv": [11.5, 0, 12, 2.5], "texture": "#0"},
				"south": {"uv": [0.5, 11.5, 1, 14], "texture": "#0"},
				"west": {"uv": [1, 11.5, 1.5, 14], "texture": "#0"},
				"up": {"uv": [15, 14, 14.5, 13.5], "texture": "#0"},
				"down": {"uv": [14.5, 14.5, 14, 15], "texture": "#0"}
			}
		},
		{
			"name": "longsword - Copy-export_15",
			"from": [16, 16, 0],
			"to": [17, 20, 1],
			"faces": {
				"north": {"uv": [12, 12, 12.5, 14], "texture": "#0"},
				"east": {"uv": [12.5, 0, 13, 2], "texture": "#0"},
				"south": {"uv": [12.5, 2, 13, 4], "texture": "#0"},
				"west": {"uv": [12.5, 5.5, 13, 7.5], "texture": "#0"},
				"up": {"uv": [15, 14.5, 14.5, 14], "texture": "#0"},
				"down": {"uv": [15, 14.5, 14.5, 15], "texture": "#0"}
			}
		},
		{
			"name": "longsword - Copy-eexepeort_0",
			"from": [16, 14, 0],
			"to": [18, 16, 1],
			"faces": {
				"north": {"uv": [12.5, 7.5, 13.5, 8.5], "texture": "#0"},
				"east": {"uv": [3, 14, 3.5, 15], "texture": "#0"},
				"south": {"uv": [12.5, 8.5, 13.5, 9.5], "texture": "#0"},
				"west": {"uv": [3.5, 14, 4, 15], "texture": "#0"},
				"up": {"uv": [5, 14.5, 4, 14], "texture": "#0"},
				"down": {"uv": [15, 4, 14, 4.5], "texture": "#0"}
			}
		},
		{
			"name": "longsword - Copy-eexepeort_1",
			"from": [18, 15, 0],
			"to": [19, 16, 1],
			"faces": {
				"north": {"uv": [0, 15, 0.5, 15.5], "texture": "#0"},
				"east": {"uv": [15, 0, 15.5, 0.5], "texture": "#0"},
				"south": {"uv": [0.5, 15, 1, 15.5], "texture": "#0"},
				"west": {"uv": [15, 0.5, 15.5, 1], "texture": "#0"},
				"up": {"uv": [1.5, 15.5, 1, 15], "texture": "#0"},
				"down": {"uv": [15.5, 1, 15, 1.5], "texture": "#0"}
			}
		},
		{
			"name": "longsword - Copy-eexepeort_2",
			"from": [16, 13, 0],
			"to": [17, 14, 1],
			"faces": {
				"north": {"uv": [1.5, 15, 2, 15.5], "texture": "#0"},
				"east": {"uv": [15, 1.5, 15.5, 2], "texture": "#0"},
				"south": {"uv": [2, 15, 2.5, 15.5], "texture": "#0"},
				"west": {"uv": [15, 2, 15.5, 2.5], "texture": "#0"},
				"up": {"uv": [3, 15.5, 2.5, 15], "texture": "#0"},
				"down": {"uv": [15.5, 2.5, 15, 3], "texture": "#0"}
			}
		},
		{
			"name": "longsword - Copy-expeort_0",
			"from": [15, 16, 0],
			"to": [16, 19, 1],
			"faces": {
				"north": {"uv": [13.5, 7.5, 14, 9], "texture": "#0"},
				"east": {"uv": [13.5, 10, 14, 11.5], "texture": "#0"},
				"south": {"uv": [11, 13.5, 11.5, 15], "texture": "#0"},
				"west": {"uv": [11.5, 13.5, 12, 15], "texture": "#0"},
				"up": {"uv": [3.5, 15.5, 3, 15], "texture": "#0"},
				"down": {"uv": [15.5, 3, 15, 3.5], "texture": "#0"}
			}
		},
		{
			"name": "longsword - Copy-expeort_1",
			"from": [14, 16, 0],
			"to": [15, 18, 1],
			"faces": {
				"north": {"uv": [14, 4.5, 14.5, 5.5], "texture": "#0"},
				"east": {"uv": [5, 14, 5.5, 15], "texture": "#0"},
				"south": {"uv": [5.5, 14, 6, 15], "texture": "#0"},
				"west": {"uv": [14, 5.5, 14.5, 6.5], "texture": "#0"},
				"up": {"uv": [4, 15.5, 3.5, 15], "texture": "#0"},
				"down": {"uv": [15.5, 3.5, 15, 4], "texture": "#0"}
			}
		},
		{
			"name": "longsword - Copy-expeort_2",
			"from": [13, 16, 0],
			"to": [14, 17, 1],
			"faces": {
				"north": {"uv": [4, 15, 4.5, 15.5], "texture": "#0"},
				"east": {"uv": [15, 4, 15.5, 4.5], "texture": "#0"},
				"south": {"uv": [4.5, 15, 5, 15.5], "texture": "#0"},
				"west": {"uv": [15, 4.5, 15.5, 5], "texture": "#0"},
				"up": {"uv": [5.5, 15.5, 5, 15], "texture": "#0"},
				"down": {"uv": [15.5, 5, 15, 5.5], "texture": "#0"}
			}
		}
	],
	"gui_light": "front",
	"display": {
		"thirdperson_righthand": {
			"rotation": [0, -90, 50],
			"translation": [-7.5, 2.75, 2.5]
		},
		"thirdperson_lefthand": {
			"rotation": [0, 90, -50],
			"translation": [7.5, 2.75, 2.5]
		},
		"firstperson_righthand": {
			"rotation": [0, -90, 35],
			"translation": [-6.5, -0.25, -2.5]
		},
		"firstperson_lefthand": {
			"rotation": [0, 90, -35],
			"translation": [6.5, -0.25, -2.5]
		},
		"ground": {
			"translation": [0, 4, 7]
		},
		"gui": {
			"translation": [-4, -4, 1],
			"scale": [0.5, 0.5, 1]
		},
		"head": {
			"rotation": [0, 0, 180],
			"translation": [16.75, -42, 18],
			"scale": [1.74, 1.74, 1.74]
		},
		"fixed": {
			"translation": [-7, -7, 7]
		}
	},
	"groups": [
		{
			"name": "longsword - Copy-eexpeort",
			"origin": [8, 8, 8],
			"color": 0,
			"children": [0, 1, 2, 3, 4, 5, 6, 7, 8, 9, 10, 11, 12, 13, 14, 15, 16, 17]
		},
		{
			"name": "longsword - Copy-export",
			"origin": [8, 8, 8],
			"color": 0,
			"children": [18, 19, 20, 21, 22, 23, 24, 25, 26, 27, 28, 29, 30, 31, 32, 33]
		},
		{
			"name": "longsword - Copy-eexepeort",
			"origin": [8, 8, 8],
			"color": 0,
			"children": [34, 35, 36]
		},
		{
			"name": "longsword - Copy-expeort",
			"origin": [8, 8, 8],
			"color": 0,
			"children": [37, 38, 39]
		}
	]
}