{
	"credit": "Made with Blockbench",
	"texture_size": [64, 64],
	"textures": {
		"0": "cosmetics:body/musket",
		"particle": "cosmetics:body/musket"
	},
	"elements": [
		{
			"from": [7, 4.75, 9],
			"to": [9, 7, 25],
			"rotation": {"angle": 0, "axis": "y", "origin": [8.49375, 6.1875, 8.39097]},
			"faces": {
				"north": {"uv": [5, 1, 5.5, 1.625], "texture": "#0"},
				"east": {"uv": [0, 0, 4, 0.625], "texture": "#0"},
				"south": {"uv": [5, 3, 5.5, 3.625], "texture": "#0"},
				"west": {"uv": [0, 0.75, 4, 1.375], "texture": "#0"},
				"up": {"uv": [0.5, 5.5, 0, 1.5], "texture": "#0"},
				"down": {"uv": [1, 1.5, 0.5, 5.5], "texture": "#0"}
			}
		},
		{
			"from": [7.1, 11.12027, 23.55747],
			"to": [8.9, 13.12027, 30.55747],
			"rotation": {"angle": 22.5, "axis": "x", "origin": [8.49375, 6.1875, 8.39097]},
			"faces": {
				"north": {"uv": [5, 3.75, 5.5, 4.25], "texture": "#0"},
				"east": {"uv": [2, 2.5, 3.75, 3], "texture": "#0"},
				"south": {"uv": [5, 4.25, 5.5, 4.75], "texture": "#0"},
				"west": {"uv": [2, 3, 3.75, 3.5], "texture": "#0"},
				"up": {"uv": [2.5, 5.25, 2, 3.5], "texture": "#0"},
				"down": {"uv": [3, 3.5, 2.5, 5.25], "texture": "#0"}
			}
		},
		{
			"from": [7, 5, -3],
			"to": [9, 6.75, 9],
			"rotation": {"angle": 0, "axis": "y", "origin": [8.49375, 6.1875, 8.39097]},
			"faces": {
				"north": {"uv": [5, 4.75, 5.5, 5.25], "texture": "#0"},
				"east": {"uv": [1, 1.5, 4, 2], "texture": "#0"},
				"south": {"uv": [2, 5.25, 2.5, 5.75], "texture": "#0"},
				"west": {"uv": [1, 2, 4, 2.5], "texture": "#0"},
				"up": {"uv": [1.5, 5.5, 1, 2.5], "texture": "#0"},
				"down": {"uv": [2, 2.5, 1.5, 5.5], "texture": "#0"}
			}
		},
		{
			"from": [9, 7, 21],
			"to": [9, 9, 25],
			"rotation": {"angle": 0, "axis": "y", "origin": [8.49375, 6.1875, 8.39097]},
			"faces": {
				"north": {"uv": [0, 0, 0, 0.5], "texture": "#0"},
				"east": {"uv": [4, 1, 5, 1.5], "texture": "#0"},
				"south": {"uv": [0, 0, 0, 0.5], "texture": "#0"},
				"west": {"uv": [4, 1.5, 5, 2], "texture": "#0"},
				"up": {"uv": [0, 1, 0, 0], "texture": "#0"},
				"down": {"uv": [0, 0, 0, 1], "texture": "#0"}
			}
		},
		{
			"from": [7.75, 4.25, -6.75],
			"to": [8.25, 4.75, 10.75],
			"rotation": {"angle": 0, "axis": "y", "origin": [8.49375, 6.1875, 8.39097]},
			"faces": {
				"north": {"uv": [0, 5.5, 0.125, 5.625], "texture": "#0"},
				"east": {"uv": [4, 2, 7.75, 2.125], "texture": "#0"},
				"south": {"uv": [0.25, 5.5, 0.375, 5.625], "texture": "#0"},
				"west": {"uv": [4, 2.25, 7.75, 2.375], "texture": "#0"},
				"up": {"uv": [4.625, 6.75, 4.5, 3], "texture": "#0"},
				"down": {"uv": [4.875, 3, 4.75, 6.75], "texture": "#0"}
			}
		},
		{
			"from": [7.25, 4, 10.75],
			"to": [8.75, 4.75, 19.25],
			"rotation": {"angle": 0, "axis": "y", "origin": [8.49375, 6.1875, 8.39097]},
			"faces": {
				"north": {"uv": [5, 1.75, 5.375, 2], "texture": "#0"},
				"east": {"uv": [4, 0.5, 6.125, 0.75], "texture": "#0"},
				"south": {"uv": [2.5, 5.25, 2.875, 5.5], "texture": "#0"},
				"west": {"uv": [4, 0.75, 6.125, 1], "texture": "#0"},
				"up": {"uv": [3.375, 5.625, 3, 3.5], "texture": "#0"},
				"down": {"uv": [3.875, 3.5, 3.5, 5.625], "texture": "#0"}
			}
		},
		{
			"from": [7.65, 4.15, -0.75],
			"to": [8.35, 5.1, 0],
			"rotation": {"angle": 0, "axis": "y", "origin": [8.49375, 6.1875, 8.39097]},
			"faces": {
				"north": {"uv": [0.5, 5.5, 0.625, 5.625], "texture": "#0"},
				"east": {"uv": [3.75, 3, 4, 3.125], "texture": "#0"},
				"south": {"uv": [0.75, 5.5, 0.875, 5.625], "texture": "#0"},
				"west": {"uv": [3.75, 3.25, 4, 3.375], "texture": "#0"},
				"up": {"uv": [5.125, 5.5, 5, 5.25], "texture": "#0"},
				"down": {"uv": [5.375, 5.25, 5.25, 5.5], "texture": "#0"}
			}
		},
		{
			"from": [8, 4.05, -16],
			"to": [8, 5.05, -6.25],
			"rotation": {"angle": 0, "axis": "y", "origin": [8.49375, 6.1875, 8.39097]},
			"faces": {
				"north": {"uv": [0, 0, 0, 0.25], "texture": "#0"},
				"east": {"uv": [8.125, 0, 10.625, 0.25], "texture": "#0"},
				"south": {"uv": [0, 0, 0, 0.25], "texture": "#0"},
				"west": {"uv": [11.0125, 0, 13.5125, 0.25], "texture": "#0"},
				"up": {"uv": [0, 2.5, 0, 0], "texture": "#0"},
				"down": {"uv": [0, 0, 0, 2.5], "texture": "#0"}
			}
		},
		{
			"from": [7.275, 5.875, -7.5],
			"to": [8.7, 7.15, 23],
			"rotation": {"angle": 0, "axis": "y", "origin": [8.49375, 6.1875, 8.39097]},
			"faces": {
				"north": {"uv": [7.375, 6.125, 7.73125, 6.44375], "texture": "#0"},
				"east": {"uv": [6.65, 7.05, 14.275, 7.36875], "texture": "#0"},
				"south": {"uv": [6.625, 6.125, 6.98125, 6.44375], "texture": "#0"},
				"west": {"uv": [7.4625, 7.825, 15.0875, 8.14375], "texture": "#0"},
				"up": {"uv": [6.65, 7.05, 7.00625, 14.675], "texture": "#0"},
				"down": {"uv": [7.4625, 7.825, 7.81875, 15.45], "texture": "#0"}
			}
		}
	],
	"gui_light": "front",
	"display": {
		"thirdperson_righthand": {
			"translation": [0, 2.75, -6.25],
			"scale": [0.81, 0.79, 0.95]
		},
		"head": {
			"rotation": [90, -39, 90],
			"translation": [3.25, -53.25, 5.5],
			"scale": [1.22, 1.22, 1.22]
		}
	}
}