{
	"credit": "Made with Blockbench",
	"textures": {
		"0": "cosmetics:body/nordic_axe",
		"particle": "cosmetics:body/nordic_axe"
	},
	"elements": [
		{
			"name": "nordic_axe_0",
			"from": [9, 8, 0],
			"to": [10, 17, 1],
			"faces": {
				"north": {"uv": [10, 0, 9, 8.47059], "texture": "#0"},
				"east": {"uv": [9, 0, 10, 8.47059], "texture": "#0"},
				"south": {"uv": [9, 0, 10, 8.47059], "texture": "#0"},
				"west": {"uv": [9, 0, 10, 8.47059], "texture": "#0"},
				"up": {"uv": [9, 0, 10, 0.94118], "texture": "#0"},
				"down": {"uv": [9, 7.52941, 10, 8.47059], "texture": "#0"}
			}
		},
		{
			"name": "nordic_axe_1",
			"from": [8, 7, 0],
			"to": [9, 16, 1],
			"faces": {
				"north": {"uv": [9, 0.94118, 8, 9.41176], "texture": "#0"},
				"east": {"uv": [8, 0.94118, 9, 9.41176], "texture": "#0"},
				"south": {"uv": [8, 0.94118, 9, 9.41176], "texture": "#0"},
				"west": {"uv": [8, 0.94118, 9, 9.41176], "texture": "#0"},
				"up": {"uv": [8, 0.94118, 9, 1.88235], "texture": "#0"},
				"down": {"uv": [8, 8.47059, 9, 9.41176], "texture": "#0"}
			}
		},
		{
			"name": "nordic_axe_2",
			"from": [10, 8, 0],
			"to": [11, 16, 1],
			"faces": {
				"north": {"uv": [11, 0.94118, 10, 8.47059], "texture": "#0"},
				"east": {"uv": [10, 0.94118, 11, 8.47059], "texture": "#0"},
				"south": {"uv": [10, 0.94118, 11, 8.47059], "texture": "#0"},
				"west": {"uv": [10, 0.94118, 11, 8.47059], "texture": "#0"},
				"up": {"uv": [10, 0.94118, 11, 1.88235], "texture": "#0"},
				"down": {"uv": [10, 7.52941, 11, 8.47059], "texture": "#0"}
			}
		},
		{
			"name": "nordic_axe_3",
			"from": [7, 10, 0],
			"to": [8, 15, 1],
			"faces": {
				"north": {"uv": [8, 1.88235, 7, 6.58824], "texture": "#0"},
				"east": {"uv": [7, 1.88235, 8, 6.58824], "texture": "#0"},
				"south": {"uv": [7, 1.88235, 8, 6.58824], "texture": "#0"},
				"west": {"uv": [7, 1.88235, 8, 6.58824], "texture": "#0"},
				"up": {"uv": [7, 1.88235, 8, 2.82353], "texture": "#0"},
				"down": {"uv": [7, 5.64706, 8, 6.58824], "texture": "#0"}
			}
		},
		{
			"name": "nordic_axe_4",
			"from": [6, 10, 0],
			"to": [7, 14, 1],
			"faces": {
				"north": {"uv": [7, 2.82353, 6, 6.58824], "texture": "#0"},
				"east": {"uv": [6, 2.82353, 7, 6.58824], "texture": "#0"},
				"south": {"uv": [6, 2.82353, 7, 6.58824], "texture": "#0"},
				"west": {"uv": [6, 2.82353, 7, 6.58824], "texture": "#0"},
				"up": {"uv": [6, 2.82353, 7, 3.76471], "texture": "#0"},
				"down": {"uv": [6, 5.64706, 7, 6.58824], "texture": "#0"}
			}
		},
		{
			"name": "nordic_axe_5",
			"from": [5, 10, 0],
			"to": [6, 13, 1],
			"faces": {
				"north": {"uv": [6, 3.76471, 5, 6.58824], "texture": "#0"},
				"east": {"uv": [5, 3.76471, 6, 6.58824], "texture": "#0"},
				"south": {"uv": [5, 3.76471, 6, 6.58824], "texture": "#0"},
				"west": {"uv": [5, 3.76471, 6, 6.58824], "texture": "#0"},
				"up": {"uv": [5, 3.76471, 6, 4.70588], "texture": "#0"},
				"down": {"uv": [5, 5.64706, 6, 6.58824], "texture": "#0"}
			}
		},
		{
			"name": "nordic_axe_6",
			"from": [11, 7, 0],
			"to": [12, 13, 1],
			"faces": {
				"north": {"uv": [12, 3.76471, 11, 9.41176], "texture": "#0"},
				"east": {"uv": [11, 3.76471, 12, 9.41176], "texture": "#0"},
				"south": {"uv": [11, 3.76471, 12, 9.41176], "texture": "#0"},
				"west": {"uv": [11, 3.76471, 12, 9.41176], "texture": "#0"},
				"up": {"uv": [11, 3.76471, 12, 4.70588], "texture": "#0"},
				"down": {"uv": [11, 8.47059, 12, 9.41176], "texture": "#0"}
			}
		},
		{
			"name": "nordic_axe_7",
			"from": [4, 11, 0],
			"to": [5, 12, 1],
			"faces": {
				"north": {"uv": [5, 4.70588, 4, 5.64706], "texture": "#0"},
				"east": {"uv": [4, 4.70588, 5, 5.64706], "texture": "#0"},
				"south": {"uv": [4, 4.70588, 5, 5.64706], "texture": "#0"},
				"west": {"uv": [4, 4.70588, 5, 5.64706], "texture": "#0"},
				"up": {"uv": [4, 4.70588, 5, 5.64706], "texture": "#0"},
				"down": {"uv": [4, 4.70588, 5, 5.64706], "texture": "#0"}
			}
		},
		{
			"name": "nordic_axe_8",
			"from": [12, 7, 0],
			"to": [13, 12, 1],
			"faces": {
				"north": {"uv": [13, 4.70588, 12, 9.41176], "texture": "#0"},
				"east": {"uv": [12, 4.70588, 13, 9.41176], "texture": "#0"},
				"south": {"uv": [12, 4.70588, 13, 9.41176], "texture": "#0"},
				"west": {"uv": [12, 4.70588, 13, 9.41176], "texture": "#0"},
				"up": {"uv": [12, 4.70588, 13, 5.64706], "texture": "#0"},
				"down": {"uv": [12, 8.47059, 13, 9.41176], "texture": "#0"}
			}
		},
		{
			"name": "nordic_axe_9",
			"from": [13, 7, 0],
			"to": [14, 10, 1],
			"faces": {
				"north": {"uv": [14, 6.58824, 13, 9.41176], "texture": "#0"},
				"east": {"uv": [13, 6.58824, 14, 9.41176], "texture": "#0"},
				"south": {"uv": [13, 6.58824, 14, 9.41176], "texture": "#0"},
				"west": {"uv": [13, 6.58824, 14, 9.41176], "texture": "#0"},
				"up": {"uv": [13, 6.58824, 14, 7.52941], "texture": "#0"},
				"down": {"uv": [13, 8.47059, 14, 9.41176], "texture": "#0"}
			}
		},
		{
			"name": "nordic_axe_10",
			"from": [7, 6, 0],
			"to": [8, 9, 1],
			"faces": {
				"north": {"uv": [8, 7.52941, 7, 10.35294], "texture": "#0"},
				"east": {"uv": [7, 7.52941, 8, 10.35294], "texture": "#0"},
				"south": {"uv": [7, 7.52941, 8, 10.35294], "texture": "#0"},
				"west": {"uv": [7, 7.52941, 8, 10.35294], "texture": "#0"},
				"up": {"uv": [7, 7.52941, 8, 8.47059], "texture": "#0"},
				"down": {"uv": [7, 9.41176, 8, 10.35294], "texture": "#0"}
			}
		},
		{
			"name": "nordic_axe_11",
			"from": [6, 5, 0],
			"to": [7, 8, 1],
			"faces": {
				"north": {"uv": [7, 8.47059, 6, 11.29412], "texture": "#0"},
				"east": {"uv": [6, 8.47059, 7, 11.29412], "texture": "#0"},
				"south": {"uv": [6, 8.47059, 7, 11.29412], "texture": "#0"},
				"west": {"uv": [6, 8.47059, 7, 11.29412], "texture": "#0"},
				"up": {"uv": [6, 8.47059, 7, 9.41176], "texture": "#0"},
				"down": {"uv": [6, 10.35294, 7, 11.29412], "texture": "#0"}
			}
		},
		{
			"name": "nordic_axe_12",
			"from": [5, 4, 0],
			"to": [6, 7, 1],
			"faces": {
				"north": {"uv": [6, 9.41176, 5, 12.23529], "texture": "#0"},
				"east": {"uv": [5, 9.41176, 6, 12.23529], "texture": "#0"},
				"south": {"uv": [5, 9.41176, 6, 12.23529], "texture": "#0"},
				"west": {"uv": [5, 9.41176, 6, 12.23529], "texture": "#0"},
				"up": {"uv": [5, 9.41176, 6, 10.35294], "texture": "#0"},
				"down": {"uv": [5, 11.29412, 6, 12.23529], "texture": "#0"}
			}
		},
		{
			"name": "nordic_axe_13",
			"from": [4, 3, 0],
			"to": [5, 6, 1],
			"faces": {
				"north": {"uv": [5, 10.35294, 4, 13.17647], "texture": "#0"},
				"east": {"uv": [4, 10.35294, 5, 13.17647], "texture": "#0"},
				"south": {"uv": [4, 10.35294, 5, 13.17647], "texture": "#0"},
				"west": {"uv": [4, 10.35294, 5, 13.17647], "texture": "#0"},
				"up": {"uv": [4, 10.35294, 5, 11.29412], "texture": "#0"},
				"down": {"uv": [4, 12.23529, 5, 13.17647], "texture": "#0"}
			}
		},
		{
			"name": "nordic_axe_14",
			"from": [3, 2, 0],
			"to": [4, 5, 1],
			"faces": {
				"north": {"uv": [4, 11.29412, 3, 14.11765], "texture": "#0"},
				"east": {"uv": [3, 11.29412, 4, 14.11765], "texture": "#0"},
				"south": {"uv": [3, 11.29412, 4, 14.11765], "texture": "#0"},
				"west": {"uv": [3, 11.29412, 4, 14.11765], "texture": "#0"},
				"up": {"uv": [3, 11.29412, 4, 12.23529], "texture": "#0"},
				"down": {"uv": [3, 13.17647, 4, 14.11765], "texture": "#0"}
			}
		},
		{
			"name": "nordic_axe_15",
			"from": [2, 1, 0],
			"to": [3, 4, 1],
			"faces": {
				"north": {"uv": [3, 12.23529, 2, 15.05882], "texture": "#0"},
				"east": {"uv": [2, 12.23529, 3, 15.05882], "texture": "#0"},
				"south": {"uv": [2, 12.23529, 3, 15.05882], "texture": "#0"},
				"west": {"uv": [2, 12.23529, 3, 15.05882], "texture": "#0"},
				"up": {"uv": [2, 12.23529, 3, 13.17647], "texture": "#0"},
				"down": {"uv": [2, 14.11765, 3, 15.05882], "texture": "#0"}
			}
		},
		{
			"name": "nordic_axe_16",
			"from": [1, 0, 0],
			"to": [2, 3, 1],
			"faces": {
				"north": {"uv": [2, 13.17647, 1, 16], "texture": "#0"},
				"east": {"uv": [1, 13.17647, 2, 16], "texture": "#0"},
				"south": {"uv": [1, 13.17647, 2, 16], "texture": "#0"},
				"west": {"uv": [1, 13.17647, 2, 16], "texture": "#0"},
				"up": {"uv": [1, 13.17647, 2, 14.11765], "texture": "#0"},
				"down": {"uv": [1, 15.05882, 2, 16], "texture": "#0"}
			}
		},
		{
			"name": "nordic_axe_17",
			"from": [0, 0, 0],
			"to": [1, 2, 1],
			"faces": {
				"north": {"uv": [1, 14.11765, 0, 16], "texture": "#0"},
				"east": {"uv": [0, 14.11765, 1, 16], "texture": "#0"},
				"south": {"uv": [0, 14.11765, 1, 16], "texture": "#0"},
				"west": {"uv": [0, 14.11765, 1, 16], "texture": "#0"},
				"up": {"uv": [0, 14.11765, 1, 15.05882], "texture": "#0"},
				"down": {"uv": [0, 15.05882, 1, 16], "texture": "#0"}
			}
		}
	],
	"gui_light": "front",
	"display": {
		"head": {
			"rotation": [180, 0, -95],
			"translation": [2.75, -58.75, -6.5],
			"scale": [1.56, 1.56, 1.56]
		}
	},
	"groups": [
		{
			"name": "nordic_axe",
			"origin": [8, 8, 8],
			"color": 0,
			"children": [0, 1, 2, 3, 4, 5, 6, 7, 8, 9, 10, 11, 12, 13, 14, 15, 16, 17]
		}
	]
}