{
	"credit": "Made with Blockbench",
	"texture_size": [32, 32],
	"textures": {
		"1": "cosmetics:body/saber"
	},
	"elements": [
		{
			"name": "saber-exeport_0",
			"from": [13, 11, 0],
			"to": [16, 15, 1],
			"faces": {
				"north": {"uv": [1, 0, 2.5, 2], "texture": "#1"},
				"east": {"uv": [0, 7, 0.5, 9], "texture": "#1"},
				"south": {"uv": [0, 2, 1.5, 4], "texture": "#1"},
				"west": {"uv": [7, 0, 7.5, 2], "texture": "#1"},
				"up": {"uv": [8.5, 2.5, 7, 2], "texture": "#1"},
				"down": {"uv": [8.5, 2.5, 7, 3], "texture": "#1"}
			}
		},
		{
			"name": "saber-exeport_1",
			"from": [11, 10, 0],
			"to": [13, 14, 1],
			"faces": {
				"north": {"uv": [2.5, 2.5, 3.5, 4.5], "texture": "#1"},
				"east": {"uv": [0.5, 7, 1, 9], "texture": "#1"},
				"south": {"uv": [3.5, 0, 4.5, 2], "texture": "#1"},
				"west": {"uv": [1, 7, 1.5, 9], "texture": "#1"},
				"up": {"uv": [1, 0.5, 0, 0], "texture": "#1"},
				"down": {"uv": [8.5, 1.5, 7.5, 2], "texture": "#1"}
			}
		},
		{
			"name": "saber-exeport_2",
			"from": [10, 8, 0],
			"to": [11, 13, 1],
			"faces": {
				"north": {"uv": [2.5, 4.5, 3, 7], "texture": "#1"},
				"east": {"uv": [3, 4.5, 3.5, 7], "texture": "#1"},
				"south": {"uv": [4.5, 3, 5, 5.5], "texture": "#1"},
				"west": {"uv": [5, 0, 5.5, 2.5], "texture": "#1"},
				"up": {"uv": [1, 1, 0.5, 0.5], "texture": "#1"},
				"down": {"uv": [1, 1.5, 0.5, 2], "texture": "#1"}
			}
		},
		{
			"name": "saber-exeport_3",
			"from": [9, 7, 0],
			"to": [10, 12, 1],
			"faces": {
				"north": {"uv": [5, 2.5, 5.5, 5], "texture": "#1"},
				"east": {"uv": [3.5, 5, 4, 7.5], "texture": "#1"},
				"south": {"uv": [4, 5, 4.5, 7.5], "texture": "#1"},
				"west": {"uv": [5, 5, 5.5, 7.5], "texture": "#1"},
				"up": {"uv": [8.5, 8, 8, 7.5], "texture": "#1"},
				"down": {"uv": [8.5, 8, 8, 8.5], "texture": "#1"}
			}
		},
		{
			"name": "saber-exeport_4",
			"from": [8, 6, 0],
			"to": [9, 11, 1],
			"faces": {
				"north": {"uv": [5.5, 0, 6, 2.5], "texture": "#1"},
				"east": {"uv": [5.5, 2.5, 6, 5], "texture": "#1"},
				"south": {"uv": [4.5, 5.5, 5, 8], "texture": "#1"},
				"west": {"uv": [5.5, 5, 6, 7.5], "texture": "#1"},
				"up": {"uv": [9, 0.5, 8.5, 0], "texture": "#1"},
				"down": {"uv": [9, 0.5, 8.5, 1], "texture": "#1"}
			}
		},
		{
			"name": "saber-exeport_5",
			"from": [13, 10, 0],
			"to": [14, 11, 1],
			"faces": {
				"north": {"uv": [8.5, 1.5, 9, 2], "texture": "#1"},
				"east": {"uv": [8.5, 2, 9, 2.5], "texture": "#1"},
				"south": {"uv": [2.5, 8.5, 3, 9], "texture": "#1"},
				"west": {"uv": [8.5, 2.5, 9, 3], "texture": "#1"},
				"up": {"uv": [3.5, 9, 3, 8.5], "texture": "#1"},
				"down": {"uv": [9, 3, 8.5, 3.5], "texture": "#1"}
			}
		},
		{
			"name": "saber-exeport_6",
			"from": [7, 5, 0],
			"to": [8, 10, 1],
			"faces": {
				"north": {"uv": [6, 0, 6.5, 2.5], "texture": "#1"},
				"east": {"uv": [6, 2.5, 6.5, 5], "texture": "#1"},
				"south": {"uv": [6, 5, 6.5, 7.5], "texture": "#1"},
				"west": {"uv": [6.5, 0, 7, 2.5], "texture": "#1"},
				"up": {"uv": [9, 4, 8.5, 3.5], "texture": "#1"},
				"down": {"uv": [9, 4, 8.5, 4.5], "texture": "#1"}
			}
		},
		{
			"name": "saber-exeport_7",
			"from": [11, 9, 0],
			"to": [12, 10, 1],
			"faces": {
				"north": {"uv": [8.5, 4.5, 9, 5], "texture": "#1"},
				"east": {"uv": [5, 8.5, 5.5, 9], "texture": "#1"},
				"south": {"uv": [5.5, 8.5, 6, 9], "texture": "#1"},
				"west": {"uv": [8.5, 6, 9, 6.5], "texture": "#1"},
				"up": {"uv": [9, 7, 8.5, 6.5], "texture": "#1"},
				"down": {"uv": [9, 7, 8.5, 7.5], "texture": "#1"}
			}
		},
		{
			"name": "saber-exeport_8",
			"from": [6, 3, 0],
			"to": [7, 9, 1],
			"faces": {
				"north": {"uv": [3.5, 2, 4, 5], "texture": "#1"},
				"east": {"uv": [0, 4, 0.5, 7], "texture": "#1"},
				"south": {"uv": [0.5, 4, 1, 7], "texture": "#1"},
				"west": {"uv": [1, 4, 1.5, 7], "texture": "#1"},
				"up": {"uv": [9, 8, 8.5, 7.5], "texture": "#1"},
				"down": {"uv": [8.5, 8.5, 8, 9], "texture": "#1"}
			}
		},
		{
			"name": "saber-exeport_9",
			"from": [5, 2, 0],
			"to": [6, 8, 1],
			"faces": {
				"north": {"uv": [4, 2, 4.5, 5], "texture": "#1"},
				"east": {"uv": [4.5, 0, 5, 3], "texture": "#1"},
				"south": {"uv": [1.5, 4.5, 2, 7.5], "texture": "#1"},
				"west": {"uv": [2, 4.5, 2.5, 7.5], "texture": "#1"},
				"up": {"uv": [9, 8.5, 8.5, 8], "texture": "#1"},
				"down": {"uv": [9, 8.5, 8.5, 9], "texture": "#1"}
			}
		},
		{
			"name": "saber-exeport_10",
			"from": [3, 2, 0],
			"to": [5, 7, 1],
			"faces": {
				"north": {"uv": [1.5, 2, 2.5, 4.5], "texture": "#1"},
				"east": {"uv": [6.5, 2.5, 7, 5], "texture": "#1"},
				"south": {"uv": [2.5, 0, 3.5, 2.5], "texture": "#1"},
				"west": {"uv": [6.5, 5, 7, 7.5], "texture": "#1"},
				"up": {"uv": [6, 8, 5, 7.5], "texture": "#1"},
				"down": {"uv": [7, 7.5, 6, 8], "texture": "#1"}
			}
		},
		{
			"name": "saber-exeport_11",
			"from": [1, 5, 0],
			"to": [3, 6, 1],
			"faces": {
				"north": {"uv": [7.5, 6, 8.5, 6.5], "texture": "#1"},
				"east": {"uv": [0, 9, 0.5, 9.5], "texture": "#1"},
				"south": {"uv": [7.5, 6.5, 8.5, 7], "texture": "#1"},
				"west": {"uv": [9, 0, 9.5, 0.5], "texture": "#1"},
				"up": {"uv": [8, 8, 7, 7.5], "texture": "#1"},
				"down": {"uv": [8.5, 7, 7.5, 7.5], "texture": "#1"}
			}
		},
		{
			"name": "saber-exeport_12",
			"from": [0, 3, 0],
			"to": [1, 5, 1],
			"faces": {
				"north": {"uv": [8, 0, 8.5, 1], "texture": "#1"},
				"east": {"uv": [8, 3, 8.5, 4], "texture": "#1"},
				"south": {"uv": [8, 4, 8.5, 5], "texture": "#1"},
				"west": {"uv": [4.5, 8, 5, 9], "texture": "#1"},
				"up": {"uv": [1, 9.5, 0.5, 9], "texture": "#1"},
				"down": {"uv": [9.5, 0.5, 9, 1], "texture": "#1"}
			}
		},
		{
			"name": "saber-exeport_13",
			"from": [2, 1, 0],
			"to": [3, 4, 1],
			"faces": {
				"north": {"uv": [2.5, 7, 3, 8.5], "texture": "#1"},
				"east": {"uv": [3, 7, 3.5, 8.5], "texture": "#1"},
				"south": {"uv": [7, 3, 7.5, 4.5], "texture": "#1"},
				"west": {"uv": [7, 4.5, 7.5, 6], "texture": "#1"},
				"up": {"uv": [1.5, 9.5, 1, 9], "texture": "#1"},
				"down": {"uv": [9.5, 1, 9, 1.5], "texture": "#1"}
			}
		},
		{
			"name": "saber-exeport_14",
			"from": [7, 3, 0],
			"to": [9, 4, 1],
			"faces": {
				"north": {"uv": [8, 1, 9, 1.5], "texture": "#1"},
				"east": {"uv": [1.5, 9, 2, 9.5], "texture": "#1"},
				"south": {"uv": [5, 8, 6, 8.5], "texture": "#1"},
				"west": {"uv": [9, 1.5, 9.5, 2], "texture": "#1"},
				"up": {"uv": [9, 5.5, 8, 5], "texture": "#1"},
				"down": {"uv": [9, 5.5, 8, 6], "texture": "#1"}
			}
		},
		{
			"name": "saber-exeport_15",
			"from": [1, 0, 0],
			"to": [2, 3, 1],
			"faces": {
				"north": {"uv": [7, 6, 7.5, 7.5], "texture": "#1"},
				"east": {"uv": [7.5, 0, 8, 1.5], "texture": "#1"},
				"south": {"uv": [1.5, 7.5, 2, 9], "texture": "#1"},
				"west": {"uv": [2, 7.5, 2.5, 9], "texture": "#1"},
				"up": {"uv": [2.5, 9.5, 2, 9], "texture": "#1"},
				"down": {"uv": [9.5, 2, 9, 2.5], "texture": "#1"}
			}
		},
		{
			"name": "saber-exeport_16",
			"from": [0, 0, 0],
			"to": [1, 2, 1],
			"faces": {
				"north": {"uv": [6, 8, 6.5, 9], "texture": "#1"},
				"east": {"uv": [6.5, 8, 7, 9], "texture": "#1"},
				"south": {"uv": [7, 8, 7.5, 9], "texture": "#1"},
				"west": {"uv": [7.5, 8, 8, 9], "texture": "#1"},
				"up": {"uv": [3, 9.5, 2.5, 9], "texture": "#1"},
				"down": {"uv": [9.5, 2.5, 9, 3], "texture": "#1"}
			}
		},
		{
			"name": "saber-export_1",
			"from": [17, 13, 0],
			"to": [18, 14, 1],
			"faces": {
				"north": {"uv": [3, 9, 3.5, 9.5], "texture": "#1"},
				"east": {"uv": [9, 3, 9.5, 3.5], "texture": "#1"},
				"south": {"uv": [3.5, 9, 4, 9.5], "texture": "#1"},
				"west": {"uv": [9, 3.5, 9.5, 4], "texture": "#1"},
				"up": {"uv": [4.5, 9.5, 4, 9], "texture": "#1"},
				"down": {"uv": [9.5, 4, 9, 4.5], "texture": "#1"}
			}
		},
		{
			"name": "saber-export_0",
			"from": [16, 12, 0],
			"to": [17, 15, 1],
			"faces": {
				"north": {"uv": [7.5, 3, 8, 4.5], "texture": "#1"},
				"east": {"uv": [3.5, 7.5, 4, 9], "texture": "#1"},
				"south": {"uv": [4, 7.5, 4.5, 9], "texture": "#1"},
				"west": {"uv": [7.5, 4.5, 8, 6], "texture": "#1"},
				"up": {"uv": [5, 9.5, 4.5, 9], "texture": "#1"},
				"down": {"uv": [9.5, 4.5, 9, 5], "texture": "#1"}
			}
		}
	],
	"gui_light": "front",
	"display": {
		"thirdperson_righthand": {
			"rotation": [0, -90, 39],
			"translation": [-7.5, 5.5, 2.5]
		},
		"thirdperson_lefthand": {
			"rotation": [0, 90, -39],
			"translation": [7.5, 5.5, 2.5]
		},
		"firstperson_righthand": {
			"rotation": [0, -90, 56],
			"translation": [-6.5, 6.5, 0]
		},
		"firstperson_lefthand": {
			"rotation": [0, 90, -59],
			"translation": [6.5, 6.5, 0]
		},
		"ground": {
			"translation": [3, 4.75, 7]
		},
		"gui": {
			"translation": [-1, -1, 1],
			"scale": [0.86, 0.86, 0.86]
		},
		"head": {
			"rotation": [-156, 90, 0],
			"translation": [1.75, -72.5, -0.5],
			"scale": [1.22, 1.22, 1.22]
		},
		"fixed": {
			"translation": [-0.5, 0, 7.5]
		}
	},
	"groups": [
		{
			"name": "saber-exeport",
			"origin": [8, 8, 8],
			"color": 0,
			"children": [0, 1, 2, 3, 4, 5, 6, 7, 8, 9, 10, 11, 12, 13, 14, 15, 16, 17, 18]
		}
	]
}