{
	"credit": "Made with Blockbench",
	"textures": {
		"0": "cosmetics:body/spiked_mace",
		"particle": "cosmetics:body/spiked_mace"
	},
	"elements": [
		{
			"name": "spiked_mace_0",
			"from": [11, 15, 0],
			"to": [12, 16, 1],
			"faces": {
				"north": {"uv": [12, 0, 11, 1], "texture": "#0"},
				"east": {"uv": [11, 0, 12, 1], "texture": "#0"},
				"south": {"uv": [11, 0, 12, 1], "texture": "#0"},
				"west": {"uv": [11, 0, 12, 1], "texture": "#0"},
				"up": {"uv": [11, 0, 12, 1], "texture": "#0"},
				"down": {"uv": [11, 0, 12, 1], "texture": "#0"}
			}
		},
		{
			"name": "spiked_mace_1",
			"from": [13, 11, 0],
			"to": [14, 16, 1],
			"faces": {
				"north": {"uv": [14, 0, 13, 5], "texture": "#0"},
				"east": {"uv": [13, 0, 14, 5], "texture": "#0"},
				"south": {"uv": [13, 0, 14, 5], "texture": "#0"},
				"west": {"uv": [13, 0, 14, 5], "texture": "#0"},
				"up": {"uv": [13, 0, 14, 1], "texture": "#0"},
				"down": {"uv": [13, 4, 14, 5], "texture": "#0"}
			}
		},
		{
			"name": "spiked_mace_2",
			"from": [12, 10, 0],
			"to": [13, 15, 1],
			"faces": {
				"north": {"uv": [13, 1, 12, 6], "texture": "#0"},
				"east": {"uv": [12, 1, 13, 6], "texture": "#0"},
				"south": {"uv": [12, 1, 13, 6], "texture": "#0"},
				"west": {"uv": [12, 1, 13, 6], "texture": "#0"},
				"up": {"uv": [12, 1, 13, 2], "texture": "#0"},
				"down": {"uv": [12, 5, 13, 6], "texture": "#0"}
			}
		},
		{
			"name": "spiked_mace_3",
			"from": [14, 12, 0],
			"to": [15, 15, 1],
			"faces": {
				"north": {"uv": [15, 1, 14, 4], "texture": "#0"},
				"east": {"uv": [14, 1, 15, 4], "texture": "#0"},
				"south": {"uv": [14, 1, 15, 4], "texture": "#0"},
				"west": {"uv": [14, 1, 15, 4], "texture": "#0"},
				"up": {"uv": [14, 1, 15, 2], "texture": "#0"},
				"down": {"uv": [14, 3, 15, 4], "texture": "#0"}
			}
		},
		{
			"name": "spiked_mace_4",
			"from": [9, 13, 0],
			"to": [10, 14, 1],
			"faces": {
				"north": {"uv": [10, 2, 9, 3], "texture": "#0"},
				"east": {"uv": [9, 2, 10, 3], "texture": "#0"},
				"south": {"uv": [9, 2, 10, 3], "texture": "#0"},
				"west": {"uv": [9, 2, 10, 3], "texture": "#0"},
				"up": {"uv": [9, 2, 10, 3], "texture": "#0"},
				"down": {"uv": [9, 2, 10, 3], "texture": "#0"}
			}
		},
		{
			"name": "spiked_mace_5",
			"from": [11, 9, 0],
			"to": [12, 14, 1],
			"faces": {
				"north": {"uv": [12, 2, 11, 7], "texture": "#0"},
				"east": {"uv": [11, 2, 12, 7], "texture": "#0"},
				"south": {"uv": [11, 2, 12, 7], "texture": "#0"},
				"west": {"uv": [11, 2, 12, 7], "texture": "#0"},
				"up": {"uv": [11, 2, 12, 3], "texture": "#0"},
				"down": {"uv": [11, 6, 12, 7], "texture": "#0"}
			}
		},
		{
			"name": "spiked_mace_6",
			"from": [15, 13, 0],
			"to": [16, 14, 1],
			"faces": {
				"north": {"uv": [16, 2, 15, 3], "texture": "#0"},
				"east": {"uv": [15, 2, 16, 3], "texture": "#0"},
				"south": {"uv": [15, 2, 16, 3], "texture": "#0"},
				"west": {"uv": [15, 2, 16, 3], "texture": "#0"},
				"up": {"uv": [15, 2, 16, 3], "texture": "#0"},
				"down": {"uv": [15, 2, 16, 3], "texture": "#0"}
			}
		},
		{
			"name": "spiked_mace_7",
			"from": [10, 8, 0],
			"to": [11, 13, 1],
			"faces": {
				"north": {"uv": [11, 3, 10, 8], "texture": "#0"},
				"east": {"uv": [10, 3, 11, 8], "texture": "#0"},
				"south": {"uv": [10, 3, 11, 8], "texture": "#0"},
				"west": {"uv": [10, 3, 11, 8], "texture": "#0"},
				"up": {"uv": [10, 3, 11, 4], "texture": "#0"},
				"down": {"uv": [10, 7, 11, 8], "texture": "#0"}
			}
		},
		{
			"name": "spiked_mace_8",
			"from": [7, 11, 0],
			"to": [8, 12, 1],
			"faces": {
				"north": {"uv": [8, 4, 7, 5], "texture": "#0"},
				"east": {"uv": [7, 4, 8, 5], "texture": "#0"},
				"south": {"uv": [7, 4, 8, 5], "texture": "#0"},
				"west": {"uv": [7, 4, 8, 5], "texture": "#0"},
				"up": {"uv": [7, 4, 8, 5], "texture": "#0"},
				"down": {"uv": [7, 4, 8, 5], "texture": "#0"}
			}
		},
		{
			"name": "spiked_mace_9",
			"from": [9, 7, 0],
			"to": [10, 12, 1],
			"faces": {
				"north": {"uv": [10, 4, 9, 9], "texture": "#0"},
				"east": {"uv": [9, 4, 10, 9], "texture": "#0"},
				"south": {"uv": [9, 4, 10, 9], "texture": "#0"},
				"west": {"uv": [9, 4, 10, 9], "texture": "#0"},
				"up": {"uv": [9, 4, 10, 5], "texture": "#0"},
				"down": {"uv": [9, 8, 10, 9], "texture": "#0"}
			}
		},
		{
			"name": "spiked_mace_10",
			"from": [15, 11, 0],
			"to": [16, 12, 1],
			"faces": {
				"north": {"uv": [16, 4, 15, 5], "texture": "#0"},
				"east": {"uv": [15, 4, 16, 5], "texture": "#0"},
				"south": {"uv": [15, 4, 16, 5], "texture": "#0"},
				"west": {"uv": [15, 4, 16, 5], "texture": "#0"},
				"up": {"uv": [15, 4, 16, 5], "texture": "#0"},
				"down": {"uv": [15, 4, 16, 5], "texture": "#0"}
			}
		},
		{
			"name": "spiked_mace_11",
			"from": [8, 6, 0],
			"to": [9, 11, 1],
			"faces": {
				"north": {"uv": [9, 5, 8, 10], "texture": "#0"},
				"east": {"uv": [8, 5, 9, 10], "texture": "#0"},
				"south": {"uv": [8, 5, 9, 10], "texture": "#0"},
				"west": {"uv": [8, 5, 9, 10], "texture": "#0"},
				"up": {"uv": [8, 5, 9, 6], "texture": "#0"},
				"down": {"uv": [8, 9, 9, 10], "texture": "#0"}
			}
		},
		{
			"name": "spiked_mace_12",
			"from": [7, 5, 0],
			"to": [8, 10, 1],
			"faces": {
				"north": {"uv": [8, 6, 7, 11], "texture": "#0"},
				"east": {"uv": [7, 6, 8, 11], "texture": "#0"},
				"south": {"uv": [7, 6, 8, 11], "texture": "#0"},
				"west": {"uv": [7, 6, 8, 11], "texture": "#0"},
				"up": {"uv": [7, 6, 8, 7], "texture": "#0"},
				"down": {"uv": [7, 10, 8, 11], "texture": "#0"}
			}
		},
		{
			"name": "spiked_mace_13",
			"from": [13, 9, 0],
			"to": [14, 10, 1],
			"faces": {
				"north": {"uv": [14, 6, 13, 7], "texture": "#0"},
				"east": {"uv": [13, 6, 14, 7], "texture": "#0"},
				"south": {"uv": [13, 6, 14, 7], "texture": "#0"},
				"west": {"uv": [13, 6, 14, 7], "texture": "#0"},
				"up": {"uv": [13, 6, 14, 7], "texture": "#0"},
				"down": {"uv": [13, 6, 14, 7], "texture": "#0"}
			}
		},
		{
			"name": "spiked_mace_14",
			"from": [6, 4, 0],
			"to": [7, 9, 1],
			"faces": {
				"north": {"uv": [7, 7, 6, 12], "texture": "#0"},
				"east": {"uv": [6, 7, 7, 12], "texture": "#0"},
				"south": {"uv": [6, 7, 7, 12], "texture": "#0"},
				"west": {"uv": [6, 7, 7, 12], "texture": "#0"},
				"up": {"uv": [6, 7, 7, 8], "texture": "#0"},
				"down": {"uv": [6, 11, 7, 12], "texture": "#0"}
			}
		},
		{
			"name": "spiked_mace_15",
			"from": [5, 4, 0],
			"to": [6, 8, 1],
			"faces": {
				"north": {"uv": [6, 8, 5, 12], "texture": "#0"},
				"east": {"uv": [5, 8, 6, 12], "texture": "#0"},
				"south": {"uv": [5, 8, 6, 12], "texture": "#0"},
				"west": {"uv": [5, 8, 6, 12], "texture": "#0"},
				"up": {"uv": [5, 8, 6, 9], "texture": "#0"},
				"down": {"uv": [5, 11, 6, 12], "texture": "#0"}
			}
		},
		{
			"name": "spiked_mace_16",
			"from": [11, 7, 0],
			"to": [12, 8, 1],
			"faces": {
				"north": {"uv": [12, 8, 11, 9], "texture": "#0"},
				"east": {"uv": [11, 8, 12, 9], "texture": "#0"},
				"south": {"uv": [11, 8, 12, 9], "texture": "#0"},
				"west": {"uv": [11, 8, 12, 9], "texture": "#0"},
				"up": {"uv": [11, 8, 12, 9], "texture": "#0"},
				"down": {"uv": [11, 8, 12, 9], "texture": "#0"}
			}
		},
		{
			"name": "spiked_mace_17",
			"from": [4, 3, 0],
			"to": [5, 7, 1],
			"faces": {
				"north": {"uv": [5, 9, 4, 13], "texture": "#0"},
				"east": {"uv": [4, 9, 5, 13], "texture": "#0"},
				"south": {"uv": [4, 9, 5, 13], "texture": "#0"},
				"west": {"uv": [4, 9, 5, 13], "texture": "#0"},
				"up": {"uv": [4, 9, 5, 10], "texture": "#0"},
				"down": {"uv": [4, 12, 5, 13], "texture": "#0"}
			}
		},
		{
			"name": "spiked_mace_18",
			"from": [3, 2, 0],
			"to": [4, 5, 1],
			"faces": {
				"north": {"uv": [4, 11, 3, 14], "texture": "#0"},
				"east": {"uv": [3, 11, 4, 14], "texture": "#0"},
				"south": {"uv": [3, 11, 4, 14], "texture": "#0"},
				"west": {"uv": [3, 11, 4, 14], "texture": "#0"},
				"up": {"uv": [3, 11, 4, 12], "texture": "#0"},
				"down": {"uv": [3, 13, 4, 14], "texture": "#0"}
			}
		},
		{
			"name": "spiked_mace_19",
			"from": [2, 1, 0],
			"to": [3, 4, 1],
			"faces": {
				"north": {"uv": [3, 12, 2, 15], "texture": "#0"},
				"east": {"uv": [2, 12, 3, 15], "texture": "#0"},
				"south": {"uv": [2, 12, 3, 15], "texture": "#0"},
				"west": {"uv": [2, 12, 3, 15], "texture": "#0"},
				"up": {"uv": [2, 12, 3, 13], "texture": "#0"},
				"down": {"uv": [2, 14, 3, 15], "texture": "#0"}
			}
		},
		{
			"name": "spiked_mace_20",
			"from": [1, 0, 0],
			"to": [2, 3, 1],
			"faces": {
				"north": {"uv": [2, 13, 1, 16], "texture": "#0"},
				"east": {"uv": [1, 13, 2, 16], "texture": "#0"},
				"south": {"uv": [1, 13, 2, 16], "texture": "#0"},
				"west": {"uv": [1, 13, 2, 16], "texture": "#0"},
				"up": {"uv": [1, 13, 2, 14], "texture": "#0"},
				"down": {"uv": [1, 15, 2, 16], "texture": "#0"}
			}
		},
		{
			"name": "spiked_mace_21",
			"from": [0, 0, 0],
			"to": [1, 2, 1],
			"faces": {
				"north": {"uv": [1, 14, 0, 16], "texture": "#0"},
				"east": {"uv": [0, 14, 1, 16], "texture": "#0"},
				"south": {"uv": [0, 14, 1, 16], "texture": "#0"},
				"west": {"uv": [0, 14, 1, 16], "texture": "#0"},
				"up": {"uv": [0, 14, 1, 15], "texture": "#0"},
				"down": {"uv": [0, 15, 1, 16], "texture": "#0"}
			}
		}
	],
	"gui_light": "front",
	"display": {
		"head": {
			"rotation": [-154, 90, 0],
			"translation": [2.25, -73.25, 0.75],
			"scale": [1.27, 1.27, 1.27]
		}
	},
	"groups": [
		{
			"name": "spiked_mace",
			"origin": [8, 8, 8],
			"color": 0,
			"children": [0, 1, 2, 3, 4, 5, 6, 7, 8, 9, 10, 11, 12, 13, 14, 15, 16, 17, 18, 19, 20, 21]
		}
	]
}