{"parent":"minecraft:item/generated","textures":{"layer0":"minecraft:item/golden_horse_armor"},"overrides":[{"predicate":{"custom_model_data":10000},"model":"outmodedpvp_weapons:ia_auto_gen/gold_trinket_ruby"},{"predicate":{"custom_model_data":10001},"model":"outmodedpvp_weapons:ia_auto_gen/gold_trinket_emerald"},{"predicate":{"custom_model_data":10002},"model":"outmodedpvp_weapons:ia_auto_gen/gold_trinket_amethyst"},{"predicate":{"custom_model_data":10003},"model":"outmodedpvp_weapons:ia_auto_gen/gold_trinket_diamond"},{"predicate":{"custom_model_data":10004},"model":"outmodedpvp_weapons:ia_auto_gen/iron_trinket_diamond"},{"predicate":{"custom_model_data":10005},"model":"outmodedpvp_weapons:ia_auto_gen/iron_trinket_gold"},{"predicate":{"custom_model_data":10006},"model":"outmodedpvp_weapons:ia_auto_gen/iron_trinket_amethyst"},{"predicate":{"custom_model_data":10007},"model":"outmodedpvp_weapons:ia_auto_gen/netherite_trinket_ruby"},{"predicate":{"custom_model_data":10008},"model":"outmodedpvp_weapons:ia_auto_gen/ruby"},{"predicate":{"custom_model_data":10009},"model":"outmodedpvp_weapons:ia_auto_gen/ruby_nugget"},{"predicate":{"custom_model_data":10010},"model":"outmodedpvp_weapons:ia_auto_gen/death_token"},{"predicate":{"custom_model_data":10011},"model":"outmodedpvp_weapons:ia_auto_gen/spell_book"},{"predicate":{"custom_model_data":10012},"model":"outmodedpvp_weapons:ia_auto_gen/spell_tome"},{"predicate":{"custom_model_data":10013},"model":"item/golden_horse_armor"}]}