{"parent":"minecraft:item/handheld","textures":{"layer0":"minecraft:item/iron_axe"},"overrides":[{"predicate":{"custom_model_data":10000},"model":"outmodedpvp_weapons:ia_auto_gen/nordic_axe"},{"predicate":{"custom_model_data":10001},"model":"outmodedpvp_weapons:ia_auto_gen/iron_axe"},{"predicate":{"custom_model_data":10002},"model":"outmodedpvp_weapons:mediaeval_weapons/flanged_war_hammer"},{"predicate":{"custom_model_data":10003},"model":"outmodedpvp_weapons:mediaeval_weapons/battle_axe"},{"predicate":{"custom_model_data":10004},"model":"item/iron_axe"}]}