{"parent":"minecraft:item/handheld","textures":{"layer0":"minecraft:item/iron_sword"},"overrides":[{"predicate":{"custom_model_data":10000},"model":"outmodedpvp_weapons:ia_auto_gen/amethyst_sword"},{"predicate":{"custom_model_data":10002},"model":"outmodedpvp_weapons:mediaeval_weapons/crude_shortsword"},{"predicate":{"custom_model_data":10003},"model":"outmodedpvp_weapons:mediaeval_weapons/legendary/m_v1"},{"predicate":{"custom_model_data":10004},"model":"outmodedpvp_weapons:mediaeval_weapons/battlestaff"},{"predicate":{"custom_model_data":10005},"model":"outmodedpvp_weapons:mediaeval_weapons/longsword"},{"predicate":{"custom_model_data":10006},"model":"outmodedpvp_weapons:ia_auto_gen/spiked_mace"},{"predicate":{"custom_model_data":10007},"model":"outmodedpvp_weapons:mediaeval_weapons/saber"},{"predicate":{"custom_model_data":10008},"model":"outmodedpvp_weapons:mediaeval_weapons/shortsword"},{"predicate":{"custom_model_data":10009},"model":"outmodedpvp_weapons:mediaeval_weapons/legendary/whispering_scythe"},{"predicate":{"custom_model_data":10010},"model":"outmodedpvp_weapons:mediaeval_weapons/scythe"},{"predicate":{"custom_model_data":10011},"model":"outmodedpvp_weapons:mediaeval_weapons/legendary/chrysus_xiphos"},{"predicate":{"custom_model_data":10012},"model":"outmodedpvp_weapons:mediaeval_weapons/trident"},{"predicate":{"custom_model_data":10013},"model":"item/iron_sword"}]}