{"parent":"minecraft:item/generated","textures":{"layer0":"minecraft:item/iron_horse_armor"},"overrides":[{"predicate":{"custom_model_data":10000},"model":"mypvpzmisc:ia_auto_gen/speed_orb"},{"predicate":{"custom_model_data":10001},"model":"mypvpzmisc:ia_auto_gen/strength_flower"},{"predicate":{"custom_model_data":10002},"model":"mypvpzmisc:ia_auto_gen/health_shard"},{"predicate":{"custom_model_data":10003},"model":"mypvpzmisc:ia_auto_gen/jump_boost"},{"predicate":{"custom_model_data":10004},"model":"item/iron_horse_armor"}]}