{"parent":"minecraft:item/generated","textures":{"layer0":"minecraft:item/paper"},"overrides":[{"predicate":{"custom_model_data":10000},"model":"mypvpzmisc:ia_auto_gen/placeholder"},{"predicate":{"custom_model_data":10001},"model":"mypvpzmisc:ia_auto_gen/logo"},{"predicate":{"custom_model_data":10002},"model":"mypvpzgui:ia_auto_gen/green_tick"},{"predicate":{"custom_model_data":10004},"model":"_iainternal:ia_auto_gen/icon_left_blue"},{"predicate":{"custom_model_data":10005},"model":"_iainternal:ia_auto_gen/icon_right_blue"},{"predicate":{"custom_model_data":10006},"model":"_iainternal:ia_auto_gen/icon_search"},{"predicate":{"custom_model_data":10007},"model":"_iainternal:ia_auto_gen/icon_cancel"},{"predicate":{"custom_model_data":10008},"model":"_iainternal:ia_auto_gen/icon_arrow_chest"},{"predicate":{"custom_model_data":10009},"model":"_iainternal:ia_auto_gen/icon_back_orange"},{"predicate":{"custom_model_data":10010},"model":"_iainternal:ia_auto_gen/icon_next_orange"},{"predicate":{"custom_model_data":10011},"model":"mypvpzgui:ia_auto_gen/arrow_left_gui"},{"predicate":{"custom_model_data":10012},"model":"mypvpzgui:ia_auto_gen/arrow_right_gui"},{"predicate":{"custom_model_data":10013},"model":"item/paper"}]}