{"parent":"item/generated","textures":{"layer0":"item/potion_overlay","layer1":"item/potion"},"overrides":[{"predicate":{"custom_model_data":10000},"model":"mypvpzmisc:ia_auto_gen/rum"},{"predicate":{"custom_model_data":10000},"model":"mypvpzmisc:ia_auto_gen/rum"},{"predicate":{"custom_model_data":300001},"model":"cosmetics:hat/horns"},{"predicate":{"custom_model_data":300003},"model":"cosmetics:hat/cat_ears"},{"predicate":{"custom_model_data":300004},"model":"cosmetics:hat/ninja_headband"},{"predicate":{"custom_model_data":300005},"model":"cosmetics:hat/witch_hat"},{"predicate":{"custom_model_data":300006},"model":"cosmetics:hat/punk_hair"},{"predicate":{"custom_model_data":300007},"model":"cosmetics:hat/crown"},{"predicate":{"custom_model_data":300008},"model":"cosmetics:hat/top_hat"},{"predicate":{"custom_model_data":300009},"model":"cosmetics:hat/party_glasses"},{"predicate":{"custom_model_data":300010},"model":"cosmetics:hat/sombrero"},{"predicate":{"custom_model_data":300011},"model":"cosmetics:body/battle_axe_normal_2"},{"predicate":{"custom_model_data":300012},"model":"cosmetics:body/crude_shortsword_normal_2"},{"predicate":{"custom_model_data":300013},"model":"cosmetics:body/flanged_war_hammer_normal_2"},{"predicate":{"custom_model_data":300014},"model":"cosmetics:body/musket_normal_2"},{"predicate":{"custom_model_data":300015},"model":"cosmetics:body/longsword_normal_2"},{"predicate":{"custom_model_data":300016},"model":"cosmetics:body/saber_normal_2"},{"predicate":{"custom_model_data":300017},"model":"cosmetics:body/nordic_axe_normal_2"},{"predicate":{"custom_model_data":300018},"model":"cosmetics:body/spiked_mace_normal_2"},{"predicate":{"custom_model_data":300019},"model":"cosmetics:body/legendary/whispering_scythe_normal_2"},{"predicate":{"custom_model_data":400018},"model":"minecraft:item/potion"},{"predicate":{"custom_model_data":400019},"model":"item/potion"}]}